PRAGMA foreign_keys=OFF;
BEGIN TRANSACTION;
CREATE TABLE IF NOT EXISTS "migrations" ("id" integer primary key autoincrement not null, "migration" varchar not null, "batch" integer not null);
INSERT INTO migrations VALUES(1,'0001_01_01_000000_create_users_table',1);
INSERT INTO migrations VALUES(2,'0001_01_01_000001_create_cache_table',1);
INSERT INTO migrations VALUES(3,'0001_01_01_000002_create_jobs_table',1);
INSERT INTO migrations VALUES(4,'2024_01_01_000001_create_roles_table',1);
INSERT INTO migrations VALUES(5,'2024_01_01_000002_create_heroes_table',1);
INSERT INTO migrations VALUES(6,'2024_01_01_000003_create_players_table',1);
INSERT INTO migrations VALUES(7,'2024_01_01_000004_create_game_matches_table',1);
INSERT INTO migrations VALUES(8,'2024_01_01_000005_create_match_players_table',1);
INSERT INTO migrations VALUES(9,'2024_01_01_000006_create_uploaded_screenshots_table',1);
INSERT INTO migrations VALUES(10,'2026_04_16_133207_create_personal_access_tokens_table',1);
INSERT INTO migrations VALUES(11,'2026_04_16_230000_add_hero_role_and_lane_to_heroes_table',2);
INSERT INTO migrations VALUES(12,'2026_04_17_003800_update_medal_enum_on_match_players_table',3);
CREATE TABLE IF NOT EXISTS "users" ("id" integer primary key autoincrement not null, "name" varchar not null, "email" varchar not null, "email_verified_at" datetime, "password" varchar not null, "remember_token" varchar, "created_at" datetime, "updated_at" datetime);
INSERT INTO users VALUES(1,'Admin','admin@mlbb.com',NULL,'$2y$12$u4RjhjAyI.8AEpwmuwVEc.3GTdhESjG83AJPEWHAR6N9zkmB1MZcG',NULL,'2026-04-16 14:09:11','2026-04-16 14:09:11');
CREATE TABLE IF NOT EXISTS "password_reset_tokens" ("email" varchar not null, "token" varchar not null, "created_at" datetime, primary key ("email"));
CREATE TABLE IF NOT EXISTS "sessions" ("id" varchar not null, "user_id" integer, "ip_address" varchar, "user_agent" text, "payload" text not null, "last_activity" integer not null, primary key ("id"));
CREATE TABLE IF NOT EXISTS "cache" ("key" varchar not null, "value" text not null, "expiration" integer not null, primary key ("key"));
CREATE TABLE IF NOT EXISTS "cache_locks" ("key" varchar not null, "owner" varchar not null, "expiration" integer not null, primary key ("key"));
CREATE TABLE IF NOT EXISTS "jobs" ("id" integer primary key autoincrement not null, "queue" varchar not null, "payload" text not null, "attempts" integer not null, "reserved_at" integer, "available_at" integer not null, "created_at" integer not null);
CREATE TABLE IF NOT EXISTS "job_batches" ("id" varchar not null, "name" varchar not null, "total_jobs" integer not null, "pending_jobs" integer not null, "failed_jobs" integer not null, "failed_job_ids" text not null, "options" text, "cancelled_at" integer, "created_at" integer not null, "finished_at" integer, primary key ("id"));
CREATE TABLE IF NOT EXISTS "failed_jobs" ("id" integer primary key autoincrement not null, "uuid" varchar not null, "connection" text not null, "queue" text not null, "payload" text not null, "exception" text not null, "failed_at" datetime not null default CURRENT_TIMESTAMP);
CREATE TABLE IF NOT EXISTS "roles" ("id" integer primary key autoincrement not null, "name" varchar not null, "icon_url" varchar, "created_at" datetime, "updated_at" datetime);
INSERT INTO roles VALUES(1,'gold',NULL,'2026-04-16 14:09:10','2026-04-16 14:28:37');
INSERT INTO roles VALUES(2,'exp',NULL,'2026-04-16 14:09:10','2026-04-16 14:28:37');
INSERT INTO roles VALUES(3,'mid',NULL,'2026-04-16 14:09:10','2026-04-16 14:28:37');
INSERT INTO roles VALUES(4,'roam',NULL,'2026-04-16 14:09:10','2026-04-16 14:28:37');
INSERT INTO roles VALUES(5,'jungle',NULL,'2026-04-16 14:09:10','2026-04-16 14:28:37');
CREATE TABLE IF NOT EXISTS "heroes" ("id" integer primary key autoincrement not null, "name" varchar not null, "role_id" integer, "icon_url" varchar, "created_at" datetime, "updated_at" datetime, "hero_role" varchar, "lane" varchar check ("lane" in ('jungle', 'exp', 'gold', 'mid', 'roam')), foreign key("role_id") references "roles"("id") on delete set null);
INSERT INTO heroes VALUES(1,'Lesley',5,NULL,'2026-04-16 14:09:10','2026-04-16 16:31:45','Marksman/Assassin','jungle');
INSERT INTO heroes VALUES(2,'Bruno',1,NULL,'2026-04-16 14:09:10','2026-04-16 16:31:44','Marksman','gold');
INSERT INTO heroes VALUES(3,'Brody',1,NULL,'2026-04-16 14:09:10','2026-04-16 16:31:45','Marksman','gold');
INSERT INTO heroes VALUES(4,'Beatrix',1,NULL,'2026-04-16 14:09:10','2026-04-16 16:31:45','Marksman','gold');
INSERT INTO heroes VALUES(5,'Melissa',1,NULL,'2026-04-16 14:09:10','2026-04-16 16:31:45','Marksman','gold');
INSERT INTO heroes VALUES(6,'Wanwan',1,NULL,'2026-04-16 14:09:10','2026-04-16 14:09:10','Marksman','gold');
INSERT INTO heroes VALUES(7,'Yu Zhong',2,NULL,'2026-04-16 14:09:10','2026-04-16 16:31:44','Fighter','exp');
INSERT INTO heroes VALUES(8,'Esmeralda',3,NULL,'2026-04-16 14:09:10','2026-04-16 16:31:44','Mage/Tank','mid');
INSERT INTO heroes VALUES(9,'Thamuz',2,NULL,'2026-04-16 14:09:10','2026-04-16 16:31:44','Fighter','exp');
INSERT INTO heroes VALUES(10,'Guinevere',2,NULL,'2026-04-16 14:09:10','2026-04-16 16:31:44','Fighter','exp');
INSERT INTO heroes VALUES(11,'Paquito',5,NULL,'2026-04-16 14:09:10','2026-04-16 16:31:44','Fighter/Assassin','jungle');
INSERT INTO heroes VALUES(12,'Cici',2,NULL,'2026-04-16 14:09:10','2026-04-16 16:31:44','Fighter','exp');
INSERT INTO heroes VALUES(13,'Yve',3,NULL,'2026-04-16 14:09:10','2026-04-16 16:31:44','Mage','mid');
INSERT INTO heroes VALUES(14,'Valentina',3,NULL,'2026-04-16 14:09:10','2026-04-16 16:31:44','Mage','mid');
INSERT INTO heroes VALUES(15,'Xavier',3,NULL,'2026-04-16 14:09:10','2026-04-16 16:31:44','Mage','mid');
INSERT INTO heroes VALUES(16,'Pharsa',3,NULL,'2026-04-16 14:09:10','2026-04-16 16:31:44','Mage','mid');
INSERT INTO heroes VALUES(17,'Kagura',3,NULL,'2026-04-16 14:09:10','2026-04-16 16:31:44','Mage','mid');
INSERT INTO heroes VALUES(18,'Lunox',3,NULL,'2026-04-16 14:09:10','2026-04-16 16:31:44','Mage','mid');
INSERT INTO heroes VALUES(19,'Ling',5,NULL,'2026-04-16 14:09:10','2026-04-16 16:31:44','Assassin','jungle');
INSERT INTO heroes VALUES(20,'Fanny',5,NULL,'2026-04-16 14:09:10','2026-04-16 16:31:44','Assassin','jungle');
INSERT INTO heroes VALUES(21,'Lancelot',5,NULL,'2026-04-16 14:09:10','2026-04-16 16:31:44','Assassin','jungle');
INSERT INTO heroes VALUES(22,'Hayabusa',5,NULL,'2026-04-16 14:09:10','2026-04-16 16:31:44','Assassin','jungle');
INSERT INTO heroes VALUES(23,'Aamon',5,NULL,'2026-04-16 14:09:10','2026-04-16 16:31:44','Assassin','jungle');
INSERT INTO heroes VALUES(24,'Joy',5,NULL,'2026-04-16 14:09:10','2026-04-16 16:31:44','Assassin','jungle');
INSERT INTO heroes VALUES(25,'Khufra',4,NULL,'2026-04-16 14:09:10','2026-04-16 16:31:45','Tank','roam');
INSERT INTO heroes VALUES(26,'Atlas',4,NULL,'2026-04-16 14:09:10','2026-04-16 16:31:45','Tank','roam');
INSERT INTO heroes VALUES(27,'Chou',2,NULL,'2026-04-16 14:09:10','2026-04-16 16:31:44','Fighter','exp');
INSERT INTO heroes VALUES(28,'Tigreal',4,NULL,'2026-04-16 14:09:10','2026-04-16 16:31:45','Tank','roam');
INSERT INTO heroes VALUES(29,'Franco',4,NULL,'2026-04-16 14:09:10','2026-04-16 16:31:45','Tank','roam');
INSERT INTO heroes VALUES(30,'Akai',4,NULL,'2026-04-16 14:09:10','2026-04-16 16:31:45','Tank','roam');
INSERT INTO heroes VALUES(31,'Saber',5,NULL,'2026-04-16 16:31:44','2026-04-16 16:31:44','Assassin','jungle');
INSERT INTO heroes VALUES(32,'Karina',5,NULL,'2026-04-16 16:31:44','2026-04-16 16:31:44','Assassin','jungle');
INSERT INTO heroes VALUES(33,'Natalia',5,NULL,'2026-04-16 16:31:44','2026-04-16 16:31:44','Assassin','jungle');
INSERT INTO heroes VALUES(34,'Helcurt',5,NULL,'2026-04-16 16:31:44','2026-04-16 16:31:44','Assassin','jungle');
INSERT INTO heroes VALUES(35,'Gusion',5,NULL,'2026-04-16 16:31:44','2026-04-16 16:31:44','Assassin','jungle');
INSERT INTO heroes VALUES(36,'Hanzo',5,NULL,'2026-04-16 16:31:44','2026-04-16 16:31:44','Assassin','jungle');
INSERT INTO heroes VALUES(37,'Nolan',5,NULL,'2026-04-16 16:31:44','2026-04-16 16:31:44','Assassin','jungle');
INSERT INTO heroes VALUES(38,'Benedetta',5,NULL,'2026-04-16 16:31:44','2026-04-16 16:31:44','Assassin/Fighter','jungle');
INSERT INTO heroes VALUES(39,'Harley',5,NULL,'2026-04-16 16:31:44','2026-04-16 16:31:44','Assassin/Mage','jungle');
INSERT INTO heroes VALUES(40,'Selena',5,NULL,'2026-04-16 16:31:44','2026-04-16 16:31:44','Assassin/Mage','jungle');
INSERT INTO heroes VALUES(41,'Yi Shun Shin',5,NULL,'2026-04-16 16:31:44','2026-04-16 16:31:44','Assassin/Marksman','jungle');
INSERT INTO heroes VALUES(42,'Suyou',5,NULL,'2026-04-16 16:31:44','2026-04-16 16:31:44','Assassin/Fighter','jungle');
INSERT INTO heroes VALUES(43,'Bane',3,NULL,'2026-04-16 16:31:44','2026-04-16 16:31:44','Fighter/Mage','mid');
INSERT INTO heroes VALUES(44,'Julian',3,NULL,'2026-04-16 16:31:44','2026-04-16 16:31:44','Fighter/Mage','mid');
INSERT INTO heroes VALUES(45,'Nana',3,NULL,'2026-04-16 16:31:44','2026-04-16 16:31:44','Mage','mid');
INSERT INTO heroes VALUES(46,'Eudora',3,NULL,'2026-04-16 16:31:44','2026-04-16 16:31:44','Mage','mid');
INSERT INTO heroes VALUES(47,'Gord',3,NULL,'2026-04-16 16:31:44','2026-04-16 16:31:44','Mage','mid');
INSERT INTO heroes VALUES(48,'Cyclops',3,NULL,'2026-04-16 16:31:44','2026-04-16 16:31:44','Mage','mid');
INSERT INTO heroes VALUES(49,'Aurora',3,NULL,'2026-04-16 16:31:44','2026-04-16 16:31:44','Mage','mid');
INSERT INTO heroes VALUES(50,'Vexana',3,NULL,'2026-04-16 16:31:44','2026-04-16 16:31:44','Mage','mid');
INSERT INTO heroes VALUES(51,'Odette',3,NULL,'2026-04-16 16:31:44','2026-04-16 16:31:44','Mage','mid');
INSERT INTO heroes VALUES(52,'Zhask',3,NULL,'2026-04-16 16:31:44','2026-04-16 16:31:44','Mage','mid');
INSERT INTO heroes VALUES(53,'Valir',3,NULL,'2026-04-16 16:31:44','2026-04-16 16:31:44','Mage','mid');
INSERT INTO heroes VALUES(54,'Chang''e',3,NULL,'2026-04-16 16:31:44','2026-04-16 16:31:44','Mage','mid');
INSERT INTO heroes VALUES(55,'Vale',3,NULL,'2026-04-16 16:31:44','2026-04-16 16:31:44','Mage','mid');
INSERT INTO heroes VALUES(56,'Harith',3,NULL,'2026-04-16 16:31:44','2026-04-16 16:31:44','Mage','mid');
INSERT INTO heroes VALUES(57,'Lylia',3,NULL,'2026-04-16 16:31:44','2026-04-16 16:31:44','Mage','mid');
INSERT INTO heroes VALUES(58,'Cecilion',3,NULL,'2026-04-16 16:31:44','2026-04-16 16:31:44','Mage','mid');
INSERT INTO heroes VALUES(59,'Luo Yi',3,NULL,'2026-04-16 16:31:44','2026-04-16 16:31:44','Mage','mid');
INSERT INTO heroes VALUES(60,'Novaria',3,NULL,'2026-04-16 16:31:44','2026-04-16 16:31:44','Mage','mid');
INSERT INTO heroes VALUES(61,'Kadita',5,NULL,'2026-04-16 16:31:44','2026-04-16 16:31:44','Mage/Assassin','jungle');
INSERT INTO heroes VALUES(62,'Alice',3,NULL,'2026-04-16 16:31:44','2026-04-16 16:31:44','Mage/Tank','mid');
INSERT INTO heroes VALUES(63,'Zhuxin',3,NULL,'2026-04-16 16:31:44','2026-04-16 16:31:44','Mage','mid');
INSERT INTO heroes VALUES(64,'Balmond',2,NULL,'2026-04-16 16:31:44','2026-04-16 16:31:44','Fighter','exp');
INSERT INTO heroes VALUES(65,'Freya',2,NULL,'2026-04-16 16:31:44','2026-04-16 16:31:44','Fighter','exp');
INSERT INTO heroes VALUES(66,'Sun',2,NULL,'2026-04-16 16:31:44','2026-04-16 16:31:44','Fighter','exp');
INSERT INTO heroes VALUES(67,'Alpha',2,NULL,'2026-04-16 16:31:44','2026-04-16 16:31:44','Fighter','exp');
INSERT INTO heroes VALUES(68,'Lapu Lapu',2,NULL,'2026-04-16 16:31:44','2026-04-16 16:31:44','Fighter','exp');
INSERT INTO heroes VALUES(69,'Argus',2,NULL,'2026-04-16 16:31:44','2026-04-16 16:31:44','Fighter','exp');
INSERT INTO heroes VALUES(70,'Jawhead',2,NULL,'2026-04-16 16:31:44','2026-04-16 16:31:44','Fighter','exp');
INSERT INTO heroes VALUES(71,'Martis',2,NULL,'2026-04-16 16:31:44','2026-04-16 16:31:44','Fighter','exp');
INSERT INTO heroes VALUES(72,'Aldous',2,NULL,'2026-04-16 16:31:44','2026-04-16 16:31:44','Fighter','exp');
INSERT INTO heroes VALUES(73,'Leomord',2,NULL,'2026-04-16 16:31:44','2026-04-16 16:31:44','Fighter','exp');
INSERT INTO heroes VALUES(74,'Minsitthar',2,NULL,'2026-04-16 16:31:44','2026-04-16 16:31:44','Fighter','exp');
INSERT INTO heroes VALUES(75,'Badang',2,NULL,'2026-04-16 16:31:44','2026-04-16 16:31:44','Fighter','exp');
INSERT INTO heroes VALUES(76,'Terizla',2,NULL,'2026-04-16 16:31:44','2026-04-16 16:31:44','Fighter','exp');
INSERT INTO heroes VALUES(77,'XBorg',2,NULL,'2026-04-16 16:31:44','2026-04-16 16:31:44','Fighter','exp');
INSERT INTO heroes VALUES(78,'Dyrroth',2,NULL,'2026-04-16 16:31:44','2026-04-16 16:31:44','Fighter','exp');
INSERT INTO heroes VALUES(79,'Silvanna',2,NULL,'2026-04-16 16:31:44','2026-04-16 16:31:44','Fighter','exp');
INSERT INTO heroes VALUES(80,'Khaleed',2,NULL,'2026-04-16 16:31:44','2026-04-16 16:31:44','Fighter','exp');
INSERT INTO heroes VALUES(81,'Phoveus',2,NULL,'2026-04-16 16:31:44','2026-04-16 16:31:44','Fighter','exp');
INSERT INTO heroes VALUES(82,'Aulus',2,NULL,'2026-04-16 16:31:44','2026-04-16 16:31:44','Fighter','exp');
INSERT INTO heroes VALUES(83,'Alucard',5,NULL,'2026-04-16 16:31:44','2026-04-16 16:31:44','Fighter/Assassin','jungle');
INSERT INTO heroes VALUES(84,'Zilong',5,NULL,'2026-04-16 16:31:44','2026-04-16 16:31:44','Fighter/Assassin','jungle');
INSERT INTO heroes VALUES(85,'Yin',5,NULL,'2026-04-16 16:31:44','2026-04-16 16:31:44','Fighter/Assassin','jungle');
INSERT INTO heroes VALUES(86,'Arlott',5,NULL,'2026-04-16 16:31:44','2026-04-16 16:31:44','Fighter/Assassin','jungle');
INSERT INTO heroes VALUES(87,'Roger',1,NULL,'2026-04-16 16:31:44','2026-04-16 16:31:44','Fighter/Marksman','gold');
INSERT INTO heroes VALUES(88,'Ruby',4,NULL,'2026-04-16 16:31:44','2026-04-16 16:31:44','Fighter/Tank','roam');
INSERT INTO heroes VALUES(89,'Hilda',4,NULL,'2026-04-16 16:31:44','2026-04-16 16:31:44','Fighter/Tank','roam');
INSERT INTO heroes VALUES(90,'Masha',4,NULL,'2026-04-16 16:31:44','2026-04-16 16:31:44','Fighter/Tank','roam');
INSERT INTO heroes VALUES(91,'Fredrinn',4,NULL,'2026-04-16 16:31:44','2026-04-16 16:31:44','Fighter/Tank','roam');
INSERT INTO heroes VALUES(92,'Lukas',2,NULL,'2026-04-16 16:31:44','2026-04-16 16:31:44','Fighter','exp');
INSERT INTO heroes VALUES(93,'Miya',1,NULL,'2026-04-16 16:31:44','2026-04-16 16:31:44','Marksman','gold');
INSERT INTO heroes VALUES(94,'Clint',1,NULL,'2026-04-16 16:31:44','2026-04-16 16:31:44','Marksman','gold');
INSERT INTO heroes VALUES(95,'Layla',1,NULL,'2026-04-16 16:31:44','2026-04-16 16:31:44','Marksman','gold');
INSERT INTO heroes VALUES(96,'Moskov',1,NULL,'2026-04-16 16:31:44','2026-04-16 16:31:44','Marksman','gold');
INSERT INTO heroes VALUES(97,'Irithel',1,NULL,'2026-04-16 16:31:44','2026-04-16 16:31:44','Marksman','gold');
INSERT INTO heroes VALUES(98,'Hanabi',1,NULL,'2026-04-16 16:31:44','2026-04-16 16:31:44','Marksman','gold');
INSERT INTO heroes VALUES(99,'Claude',1,NULL,'2026-04-16 16:31:44','2026-04-16 16:31:44','Marksman','gold');
INSERT INTO heroes VALUES(100,'Granger',1,NULL,'2026-04-16 16:31:44','2026-04-16 16:31:44','Marksman','gold');
INSERT INTO heroes VALUES(101,'WanWan',1,NULL,'2026-04-16 16:31:44','2026-04-16 16:31:44','Marksman','gold');
INSERT INTO heroes VALUES(102,'Popol and Kupa',1,NULL,'2026-04-16 16:31:45','2026-04-16 16:31:45','Marksman','gold');
INSERT INTO heroes VALUES(103,'Natan',1,NULL,'2026-04-16 16:31:45','2026-04-16 16:31:45','Marksman','gold');
INSERT INTO heroes VALUES(104,'Ixia',1,NULL,'2026-04-16 16:31:45','2026-04-16 16:31:45','Marksman','gold');
INSERT INTO heroes VALUES(105,'Kimmy',1,NULL,'2026-04-16 16:31:45','2026-04-16 16:31:45','Marksman/Mage','gold');
INSERT INTO heroes VALUES(106,'Rafaela',4,NULL,'2026-04-16 16:31:45','2026-04-16 16:31:45','Support','roam');
INSERT INTO heroes VALUES(107,'Estes',4,NULL,'2026-04-16 16:31:45','2026-04-16 16:31:45','Support','roam');
INSERT INTO heroes VALUES(108,'Diggie',4,NULL,'2026-04-16 16:31:45','2026-04-16 16:31:45','Support','roam');
INSERT INTO heroes VALUES(109,'Angela',4,NULL,'2026-04-16 16:31:45','2026-04-16 16:31:45','Support','roam');
INSERT INTO heroes VALUES(110,'Floryn',4,NULL,'2026-04-16 16:31:45','2026-04-16 16:31:45','Support','roam');
INSERT INTO heroes VALUES(111,'Mathilda',5,NULL,'2026-04-16 16:31:45','2026-04-16 16:31:45','Support/Assassin','jungle');
INSERT INTO heroes VALUES(112,'Kaja',4,NULL,'2026-04-16 16:31:45','2026-04-16 16:31:45','Support/Fighter','roam');
INSERT INTO heroes VALUES(113,'Faramis',3,NULL,'2026-04-16 16:31:45','2026-04-16 16:31:45','Support/Mage','mid');
INSERT INTO heroes VALUES(114,'Lolita',4,NULL,'2026-04-16 16:31:45','2026-04-16 16:31:45','Support/Tank','roam');
INSERT INTO heroes VALUES(115,'Carmilla',4,NULL,'2026-04-16 16:31:45','2026-04-16 16:31:45','Support/Tank','roam');
INSERT INTO heroes VALUES(116,'Chip',4,NULL,'2026-04-16 16:31:45','2026-04-16 16:31:45','Support/Tank','roam');
INSERT INTO heroes VALUES(117,'Hylos',4,NULL,'2026-04-16 16:31:45','2026-04-16 16:31:45','Tank','roam');
INSERT INTO heroes VALUES(118,'Uranus',4,NULL,'2026-04-16 16:31:45','2026-04-16 16:31:45','Tank','roam');
INSERT INTO heroes VALUES(119,'Belerick',4,NULL,'2026-04-16 16:31:45','2026-04-16 16:31:45','Tank','roam');
INSERT INTO heroes VALUES(120,'Baxia',4,NULL,'2026-04-16 16:31:45','2026-04-16 16:31:45','Tank','roam');
INSERT INTO heroes VALUES(121,'Gloo',4,NULL,'2026-04-16 16:31:45','2026-04-16 16:31:45','Tank','roam');
INSERT INTO heroes VALUES(122,'Gatot Kaca',4,NULL,'2026-04-16 16:31:45','2026-04-16 16:31:45','Tank/Fighter','roam');
INSERT INTO heroes VALUES(123,'Grock',4,NULL,'2026-04-16 16:31:45','2026-04-16 16:31:45','Tank/Fighter','roam');
INSERT INTO heroes VALUES(124,'Barats',4,NULL,'2026-04-16 16:31:45','2026-04-16 16:31:45','Tank/Fighter','roam');
INSERT INTO heroes VALUES(125,'Edith',1,NULL,'2026-04-16 16:31:45','2026-04-16 16:31:45','Tank/Marksman','gold');
INSERT INTO heroes VALUES(126,'Minotaur',4,NULL,'2026-04-16 16:31:45','2026-04-16 16:31:45','Tank/Support','roam');
INSERT INTO heroes VALUES(127,'Johnson',4,NULL,'2026-04-16 16:31:45','2026-04-16 16:31:45','Tank/Support','roam');
CREATE TABLE IF NOT EXISTS "players" ("id" integer primary key autoincrement not null, "username" varchar not null, "avatar_url" varchar, "created_at" datetime, "updated_at" datetime);
INSERT INTO players VALUES(1,'wolay70','https://api.dicebear.com/7.x/adventurer/svg?seed=wolay70','2026-04-16 14:09:11','2026-04-16 16:11:21');
INSERT INTO players VALUES(2,'Leadership','https://api.dicebear.com/7.x/adventurer/svg?seed=Leadership','2026-04-16 14:09:11','2026-04-16 16:10:43');
INSERT INTO players VALUES(3,'Bluerose_magic','https://api.dicebear.com/7.x/adventurer/svg?seed=Bluerose_magic','2026-04-16 14:09:11','2026-04-16 16:11:16');
INSERT INTO players VALUES(4,'zandal','https://api.dicebear.com/7.x/adventurer/svg?seed=zandal','2026-04-16 14:09:11','2026-04-16 16:11:26');
INSERT INTO players VALUES(5,'Laperauss','https://api.dicebear.com/7.x/adventurer/svg?seed=Laperauss','2026-04-16 14:09:11','2026-04-16 16:11:09');
INSERT INTO players VALUES(6,'Nuas','https://api.dicebear.com/7.x/adventurer/svg?seed=Nuas','2026-04-16 14:09:11','2026-04-16 16:11:40');
INSERT INTO players VALUES(7,'Drenvic','https://api.dicebear.com/7.x/adventurer/svg?seed=Drenvic','2026-04-16 14:09:11','2026-04-16 16:10:59');
INSERT INTO players VALUES(8,'balabalahard','https://api.dicebear.com/7.x/adventurer/svg?seed=balabalahard','2026-04-16 14:09:11','2026-04-16 16:10:53');
INSERT INTO players VALUES(9,'G.O.Y','https://api.dicebear.com/7.x/adventurer/svg?seed=G.O.Y','2026-04-16 14:09:11','2026-04-16 16:11:32');
INSERT INTO players VALUES(10,'Avalanch','https://api.dicebear.com/7.x/adventurer/svg?seed=Avalanch','2026-04-16 14:09:11','2026-04-16 16:10:37');
CREATE TABLE IF NOT EXISTS "game_matches" ("id" integer primary key autoincrement not null, "match_date" date not null, "duration" varchar, "team_a_name" varchar not null default 'Team A', "team_b_name" varchar not null default 'Team B', "winner" varchar check ("winner" in ('team_a', 'team_b')) not null, "notes" text, "screenshot_path" varchar, "created_by" integer, "created_at" datetime, "updated_at" datetime, foreign key("created_by") references "users"("id") on delete set null);
INSERT INTO game_matches VALUES(25,'2026-04-20 00:00:00','14:31','Team A','Team B','team_b',NULL,'https://res.cloudinary.com/dkjkd4jt9/image/upload/v1776703089/mlbb-stats/screenshots/usgzx0zfsxz2icklp2vb.jpg',1,'2026-04-20 16:38:38','2026-04-20 16:38:38');
CREATE TABLE IF NOT EXISTS "match_players" ("id" integer primary key autoincrement not null, "match_id" integer not null, "player_id" integer not null, "team" varchar check ("team" in ('team_a', 'team_b')) not null, "hero_id" integer not null, "role_id" integer not null, "kills" integer not null default '0', "deaths" integer not null default '0', "assists" integer not null default '0', "rating" numeric, "medal" varchar check ("medal" in ('mvp', 'gold', 'silver', 'bronze')), "result" varchar check ("result" in ('win', 'lose')) not null, "created_at" datetime, "updated_at" datetime, foreign key("match_id") references "game_matches"("id") on delete cascade, foreign key("player_id") references "players"("id") on delete cascade, foreign key("hero_id") references "heroes"("id"), foreign key("role_id") references "roles"("id"));
INSERT INTO match_players VALUES(291,25,1,'team_a',123,4,3,4,0,4.200000000000000177,'silver','lose','2026-04-21 02:34:45','2026-04-21 02:34:45');
INSERT INTO match_players VALUES(292,25,4,'team_a',14,3,4,7,3,4.900000000000000355,'silver','lose','2026-04-21 02:34:45','2026-04-21 02:34:45');
INSERT INTO match_players VALUES(293,25,8,'team_a',49,3,4,8,2,4,'silver','lose','2026-04-21 02:34:45','2026-04-21 02:34:45');
INSERT INTO match_players VALUES(294,25,10,'team_a',1,5,0,4,5,4.700000000000000177,'silver','lose','2026-04-21 02:34:45','2026-04-21 02:34:45');
INSERT INTO match_players VALUES(295,25,6,'team_a',120,4,5,11,5,5.599999999999999645,'silver','lose','2026-04-21 02:34:45','2026-04-21 02:34:45');
INSERT INTO match_players VALUES(296,25,3,'team_b',41,5,4,2,25,12,'gold','win','2026-04-21 02:34:45','2026-04-21 02:34:45');
INSERT INTO match_players VALUES(297,25,2,'team_b',4,1,5,4,7,7.200000000000000177,'gold','win','2026-04-21 02:34:45','2026-04-21 02:34:45');
INSERT INTO match_players VALUES(298,25,5,'team_b',14,3,1,4,10,5.299999999999999823,'gold','win','2026-04-21 02:34:45','2026-04-21 02:34:45');
INSERT INTO match_players VALUES(299,25,7,'team_b',23,5,11,4,8,9.30000000000000072,'gold','win','2026-04-21 02:34:45','2026-04-21 02:34:45');
INSERT INTO match_players VALUES(300,25,9,'team_b',120,4,13,2,13,12.69999999999999929,'mvp','win','2026-04-21 02:34:45','2026-04-21 02:34:45');
CREATE TABLE IF NOT EXISTS "uploaded_screenshots" ("id" integer primary key autoincrement not null, "match_id" integer, "file_path" varchar not null, "parsed_data" text, "status" varchar check ("status" in ('pending', 'parsed', 'reviewed', 'failed')) not null default 'pending', "uploaded_by" integer not null, "created_at" datetime, "updated_at" datetime, foreign key("match_id") references "game_matches"("id") on delete set null, foreign key("uploaded_by") references "users"("id"));
INSERT INTO uploaded_screenshots VALUES(1,NULL,'screenshots/EN8em3D0tG3oUa6vIIjoxWXMhMuAy2mbVDY8YtEq.jpg','{"ocr_message":"Tesseract is not installed on server","ocr_text":"","suggested":{"match_date":"2026-04-16","team_a_name":"Team A","team_b_name":"Team B","winner":"team_a","duration":null,"notes":null,"players":[]}}','failed',1,'2026-04-16 16:53:16','2026-04-16 16:53:16');
INSERT INTO uploaded_screenshots VALUES(2,NULL,'screenshots/lRkS0AokZ6L9afjTEqHW1wpcDNE1gMJhgXFarsBO.jpg','{"ocr_message":"Tesseract is not installed on server","ocr_text":"","suggested":{"match_date":"2026-04-16","team_a_name":"Team A","team_b_name":"Team B","winner":"team_a","duration":null,"notes":null,"players":[]}}','failed',1,'2026-04-16 17:01:53','2026-04-16 17:01:53');
INSERT INTO uploaded_screenshots VALUES(3,NULL,'screenshots/FrcTvC33lMdUBgy3ppIhM85lh5NK2X2uRDBJRacy.jpg','{"ocr_message":"OCR parsed successfully","ocr_text":"aN\nJOOS IO\n@ Laperauss 4 8 15 10571\no Drenvic 11 7 11 11944\nE on &OOBABR\n@ Leadership 9 9 10 14251\n\n\u00a5 Oseeoce\n\nbalabalahard\ny\n\n10 4 18 13134\n\n\u00ae \u00a9 & \u00a9\n\nKs\n\nGB Quick Chat mr Like Semua\n\nBattle ID 281055922822708672\n\nmeninggalk\n\n\u00a3\nR\nx\nmS\n\n&\n\nDurasi Pertandingan 19:48 14\/04\/2026 16:05:24\n\n11534 3 9 6 Bluerose_magic\n\n&CEQRsE\u00ae\n\n10864 3 7 16 zandal\nES BWHDEA\n12946 6 9 15 wolay70\nESOP aO\n11814 10 8 4 Nuas @ aA\nKBGeEBE G) Vo\n13427 10 9 9 GOYR fy\n\nBANG BOS\n\nKeluar","suggested":{"match_date":"2026-04-16","team_a_name":"Team A","team_b_name":"Team B","winner":"team_a","duration":"19:48","notes":"OCR Score Hint: 4 - 8","players":[]}}','parsed',1,'2026-04-16 17:23:33','2026-04-16 17:23:34');
INSERT INTO uploaded_screenshots VALUES(4,NULL,'screenshots/gH5EMw6F6LuWqCVawrgR13vNhoLd6w65A2WBjtJo.jpg','{"ocr_message":"OCR parsed successfully","ocr_text":"aN\nJOOS IO\n@ Laperauss 4 8 15 10571\no Drenvic 11 7 11 11944\nE on &OOBABR\n@ Leadership 9 9 10 14251\n\n\u00a5 Oseeoce\n\nbalabalahard\ny\n\n10 4 18 13134\n\n\u00ae \u00a9 & \u00a9\n\nKs\n\nGB Quick Chat mr Like Semua\n\nBattle ID 281055922822708672\n\nmeninggalk\n\n\u00a3\nR\nx\nmS\n\n&\n\nDurasi Pertandingan 19:48 14\/04\/2026 16:05:24\n\n11534 3 9 6 Bluerose_magic\n\n&CEQRsE\u00ae\n\n10864 3 7 16 zandal\nES BWHDEA\n12946 6 9 15 wolay70\nESOP aO\n11814 10 8 4 Nuas @ aA\nKBGeEBE G) Vo\n13427 10 9 9 GOYR fy\n\nBANG BOS\n\nKeluar\n\no \u201c49. VICTORY 32 oe\n, \\ H] Durasi Pertandingan 19:48 14\/04\/2026 16:05:24\n= \u201cay > 7 bs? y i 11534 3 9 6 Bluerose_magic\narse \u00a9 \u201cccaons E vw\n\u00a9 = y @ Laperauss 4 8 15 10571 @ ba 10864 3 7 16 zandal = \u00a9\n2 SAHE BS 3 , ES WSN Me\na rs , telah meninggalkan tim.\noy = ry Po 11 7 11 11944 a x 12946 ae 15 Oe a )\nS? &OOSEP\u00ae 8.9 6 KSOSGeo &\n: ay) re] Leadership 9 9 10 14251 ) \u00ae 11814 10 8 4 Nuas & 4\nwy LIEReOEe \u00bb \u00a5 KBGeBme Gg vw\nay %, balabalahard 10 4 18 13134 cd bed 13427 10 9 9 G.0.Y & wh = \u00ae\npy\nBattle ID 281055922822708672 > . r a \u2014 \u2018 i. <\u2014_ =F 4\n\n\\y\n\ni,\n\n&\n\n14\/04\/2026 16:05:24\n\nDurasi Pertandingan 19:48\n\nry\n\n11534 3 9 6\n\nBluerose_magic\n\n-\n\nSS DZ\n\n&CEQRsE\u00ae\n\nEve\n\n@ Laperauss\n\n4 8 15 10571\n\n10864 3 7 16\n\nzandal\n\nBAEK Be\n\n\u00ae\n\nee\n\nv &\n\ntelah meninggalkan tim\n\nBS AWS\"\n\neS\n\nDrenvic\n\n11 7 11 11944\n\n12946 6 9 15\n\nwolay70\n\nv &\n\nas\n\nRO ASE\n\nKSOO UO\n\n{@ Leadership\n\n9 9 10 14251\n\n11814 10 8 4\n\nNuas @ aA\n\ny\n\nv &\n\nWO eeeose\n\n\u00ae @\n\nBOY BBG |\n\n10 4 18 13134\n\n13427 10 9 9\n\nC.O0.YS\n\nie\n\n\u00a5y\n\nv &\n\n\u201cees balabalahard\n\nPt\n\niia hte\n\n\u00a5\n\n_ IDO SOS\n\nSS ae\n\n=\n\n=\n\naaa\n\nKeluar\n\nBattle ID 281055922822708672\n\nD = =","suggested":{"match_date":"2026-04-16","team_a_name":"Team A","team_b_name":"Team B","winner":"team_a","duration":"19:48","notes":"OCR Score Hint: 4 - 8","players":[{"player_name":"Laperauss","kills":4,"deaths":8,"assists":15,"rating":8.1,"medal":"silver","team":"team_a"},{"player_name":"Drenvic","kills":11,"deaths":7,"assists":11,"rating":10.1,"medal":"gold","team":"team_a"},{"player_name":"Leadership","kills":9,"deaths":9,"assists":10,"rating":8.7,"medal":"silver","team":"team_a"},{"player_name":"Bluerose_magic","kills":3,"deaths":9,"assists":6,"rating":5.9,"medal":null,"team":"team_a"},{"player_name":"zandal","kills":3,"deaths":7,"assists":16,"rating":8.2,"medal":"silver","team":"team_a"},{"player_name":"wolay70","kills":6,"deaths":9,"assists":15,"rating":8.5,"medal":"silver","team":"team_b"},{"player_name":"Nuas","kills":10,"deaths":8,"assists":4,"rating":8.2,"medal":"silver","team":"team_b"},{"player_name":"GOYR","kills":10,"deaths":9,"assists":9,"rating":8.9,"medal":"silver","team":"team_b"},{"player_name":"balabalahard","kills":10,"deaths":4,"assists":18,"rating":11.7,"medal":"mvp","team":"team_b"},{"player_name":"G.0.Y","kills":10,"deaths":9,"assists":9,"rating":8.9,"medal":"silver","team":"team_b"}]}}','parsed',1,'2026-04-16 17:29:48','2026-04-16 17:29:51');
INSERT INTO uploaded_screenshots VALUES(5,NULL,'screenshots/Rm9p7b6t7WCaLGAwoQm7f5xCyWvr03MbdxDm8EqT.jpg','{"ocr_message":"OCR parsed successfully","ocr_text":"aN\nJOOS IO\n@ Laperauss 4 8 15 10571\no Drenvic 11 7 11 11944\nE on &OOBABR\n@ Leadership 9 9 10 14251\n\n\u00a5 Oseeoce\n\nbalabalahard\ny\n\n10 4 18 13134\n\n\u00ae \u00a9 & \u00a9\n\nKs\n\nGB Quick Chat mr Like Semua\n\nBattle ID 281055922822708672\n\nmeninggalk\n\n\u00a3\nR\nx\nmS\n\n&\n\nDurasi Pertandingan 19:48 14\/04\/2026 16:05:24\n\n11534 3 9 6 Bluerose_magic\n\n&CEQRsE\u00ae\n\n10864 3 7 16 zandal\nES BWHDEA\n12946 6 9 15 wolay70\nESOP aO\n11814 10 8 4 Nuas @ aA\nKBGeEBE G) Vo\n13427 10 9 9 GOYR fy\n\nBANG BOS\n\nKeluar\n\no \u201c49. VICTORY 32 oe\n, \\ H] Durasi Pertandingan 19:48 14\/04\/2026 16:05:24\n= \u201cay > 7 bs? y i 11534 3 9 6 Bluerose_magic\narse \u00a9 \u201cccaons E vw\n\u00a9 = y @ Laperauss 4 8 15 10571 @ ba 10864 3 7 16 zandal = \u00a9\n2 SAHE BS 3 , ES WSN Me\na rs , telah meninggalkan tim.\noy = ry Po 11 7 11 11944 a x 12946 ae 15 Oe a )\nS? &OOSEP\u00ae 8.9 6 KSOSGeo &\n: ay) re] Leadership 9 9 10 14251 ) \u00ae 11814 10 8 4 Nuas & 4\nwy LIEReOEe \u00bb \u00a5 KBGeBme Gg vw\nay %, balabalahard 10 4 18 13134 cd bed 13427 10 9 9 G.0.Y & wh = \u00ae\npy\nBattle ID 281055922822708672 > . r a \u2014 \u2018 i. <\u2014_ =F 4\n\n\\y\n\ni,\n\n&\n\n14\/04\/2026 16:05:24\n\nDurasi Pertandingan 19:48\n\nry\n\n11534 3 9 6\n\nBluerose_magic\n\n-\n\nSS DZ\n\n&CEQRsE\u00ae\n\nEve\n\n@ Laperauss\n\n4 8 15 10571\n\n10864 3 7 16\n\nzandal\n\nBAEK Be\n\n\u00ae\n\nee\n\nv &\n\ntelah meninggalkan tim\n\nBS AWS\"\n\neS\n\nDrenvic\n\n11 7 11 11944\n\n12946 6 9 15\n\nwolay70\n\nv &\n\nas\n\nRO ASE\n\nKSOO UO\n\n{@ Leadership\n\n9 9 10 14251\n\n11814 10 8 4\n\nNuas @ aA\n\ny\n\nv &\n\nWO eeeose\n\n\u00ae @\n\nBOY BBG |\n\n10 4 18 13134\n\n13427 10 9 9\n\nC.O0.YS\n\nie\n\n\u00a5y\n\nv &\n\n\u201cees balabalahard\n\nPt\n\niia hte\n\n\u00a5\n\n_ IDO SOS\n\nSS ae\n\n=\n\n=\n\naaa\n\nKeluar\n\nBattle ID 281055922822708672\n\nD = =","suggested":{"match_date":"2026-04-16","team_a_name":"Team A","team_b_name":"Team B","winner":"team_a","duration":"19:48","notes":"OCR Score Hint: 4 - 8","players":[{"player_name":"Drenvic","kills":11,"deaths":7,"assists":11,"rating":10.1,"medal":"gold","team":"team_a"},{"player_name":"Avalanch","kills":8,"deaths":4,"assists":11,"rating":9.8,"medal":"gold","team":"team_a"},{"player_name":"beta","kills":8,"deaths":4,"assists":11,"rating":9.8,"medal":"gold","team":"team_a"},{"player_name":"Laperauss","kills":4,"deaths":8,"assists":15,"rating":8.1,"medal":"silver","team":"team_a"},{"player_name":"Leadership","kills":9,"deaths":10,"assists":14,"rating":9.2,"medal":"gold","team":"team_a"},{"player_name":"Bluerose_magic","kills":3,"deaths":9,"assists":6,"rating":5.9,"medal":null,"team":"team_b"},{"player_name":"wolay70","kills":6,"deaths":9,"assists":15,"rating":8.5,"medal":"silver","team":"team_b"},{"player_name":"Nuas","kills":10,"deaths":8,"assists":4,"rating":8.2,"medal":"silver","team":"team_b"},{"player_name":"GOYS","kills":10,"deaths":9,"assists":9,"rating":8.9,"medal":"silver","team":"team_b"},{"player_name":"COYR","kills":10,"deaths":9,"assists":9,"rating":8.9,"medal":"silver","team":"team_b"}]}}','parsed',1,'2026-04-16 17:36:31','2026-04-16 17:36:38');
INSERT INTO uploaded_screenshots VALUES(6,NULL,'screenshots/qSXh7rizCHY3YNqxy42t6HcdWqewdtkCKl4KdtbA.jpg','{"ocr_message":"OCR parsed successfully","ocr_text":"&\n\n15\/04\/2026 12:31:32\n\nDurasi Pertandingan 24:41\n\n{@ Leadership 3 9 8 13548\n\n\u201cae 5 9 10 Rluerose_maaic (A ~ -\n2 ee 5s & a oa & & \u2018Anda adalah lawan yang hebat! * i. 7 f v\n\nbalabalahard 4 6 17 16701\n\nSe SSHMwoee\n\n\u00ae \u00a9\n<\n\n12058 5 87 wolay70 i =~\n\n, 13680 2 7 14 zandal\nEWI QO OED 5 ) HSS OPH\n\n\\ Drenvic 9 4 7 16867\n\n15071 5 8 8 G.0.Y\nRECHIS''\n@ Laperauss 1 2 19 13279 16240 7 4 10 Nuas & \u00a9\n\nBaISG\u00a2ve Sa GESS\nAGREE \u2014\u2014\u2014\n\nBattle ID 593216838840556500\n\n<\n\n<\n\u00a9 \u00a9 \u00a9 \u00a9 \u20ac\n\nes\nCo\n\nwy\n\n. , 9 \\ \u2018Vi H] 24). Pertandingan 24:41 15\/04\/2026 12:31:32\ni) = Ne @ Leadership 3 9 8 13548 n 4 _ 5210. Bluernse manig Mg - \u00ae@\n\u201c KG AES \u00ae 0 Anda adalah lawan yang xi eee 7 \u00e9 y\nbalabalahard 4 6 17 16701 r 12958 ef) 7\/ wolay70 y\nby Sxsoove\u201d KR @ \u201casrese SE ve\n\u00bb st, 13680 2 7 14 zandal\nI Qecococo 2 BCL Le ee\nBa Drenvic 9 4 7 16867 is 15071 5 8 8 G.0.YS\ne @iracec\u2122\u201d BR @ \u201csscasveG -*\n: @ Laperauss 1 2 19 13279 16240 7 4 10 Nuas & \u00a9 -\n- Brrvence\u201d BR B \u201cecosot gs ve\nBattle ID 593216838840556500 = ~ . . ae \u2014\u2014 ll\n\nee\n\n\\y\n\n\/\n\n&\n\n\u2018VICTO\n\n15\/04\/2026 12:31:32\n\nDurasi Pertandingan 24:41\n\n{@ Leadership\n\n3.9 8 13548\n\n1432423 5 2 10\n\nRluerose maaic\n\nAnda adalah lawan yang hebat!\n\nv &)\n\nBEEBES\n\nRS\n\nAe\n\nbalabalahard\n\n4 6 17 16701\n\n12958 5 8 7\n\n\u2014\n\n\u20ac\n\nBS Hw SO\n\n\u00ae\n\nESUSOE\n\n13680 2 7 14\n\nzandal\n\n\u00bb) =\n\nSIGS 419)\n\n100i)\n\n\u00ae\n\nHt SO GH Gh\n\nDrenvic\n\n9 4 7 16867\n\n15071 5 8 8\n\nG.0.Y &\n\nSBEASQES\n\nx @\n\nBACH4I\u00ae\n\na \u00ae\n\n1 2 19 13279\n\n16240 7 4 10\n\nNuas @\n\ny\n\nix\n\nnel\n\ncame\n\nSa GESS\n\n+eel5\n\n=\n\nKeluar\n\nBattle ID 593216838840556500","suggested":{"match_date":"2026-04-16","team_a_name":"Team A","team_b_name":"Team B","winner":"team_a","duration":"12:31","notes":"OCR Score Hint: 3 - 9","players":[{"player_name":"Leadership","kills":3,"deaths":9,"assists":8,"rating":6.2,"medal":"bronze","team":"team_a"},{"player_name":"balabalahard","kills":4,"deaths":6,"assists":17,"rating":9,"medal":"silver","team":"team_a"},{"player_name":"Avalanch","kills":12,"deaths":3,"assists":10,"rating":11.3,"medal":"mvp","team":"team_a"},{"player_name":"Drenvic","kills":9,"deaths":4,"assists":7,"rating":9.4,"medal":"gold","team":"team_a"},{"player_name":"Laperauss","kills":1,"deaths":2,"assists":19,"rating":9.3,"medal":"gold","team":"team_a"},{"player_name":"Rluernse","kills":5,"deaths":2,"assists":10,"rating":9.1,"medal":"silver","team":"team_b"},{"player_name":"wolay70","kills":5,"deaths":8,"assists":7,"rating":7,"medal":"bronze","team":"team_b"},{"player_name":"G.0.Y","kills":5,"deaths":8,"assists":8,"rating":7.2,"medal":"bronze","team":"team_b"},{"player_name":"Nuas","kills":7,"deaths":4,"assists":10,"rating":9.3,"medal":"gold","team":"team_b"},{"player_name":"zandal","kills":2,"deaths":7,"assists":14,"rating":7.5,"medal":"silver","team":"team_b"}]}}','parsed',1,'2026-04-16 17:37:06','2026-04-16 17:37:12');
INSERT INTO uploaded_screenshots VALUES(7,NULL,'screenshots/jwTtFgy21hMtDYQBHzuQf3k38DKyFaXaZkDkX2FW.jpg','{"ocr_message":"OCR parsed successfully","ocr_text":"oe\n\n04\/20\/2026 11:58:33\n\nDuration 14:31\n\n9745 4 2 25 Bluerose _magic .\n\n8 Bsegoven yd ve\no\u00bb Brsaces\u201d O@ BW\u201c aewser \u00a2 @\n\u00a9\u00bb Bssze0er''\u201d @ @ \u201cxaor \"|G -w\nOe Breeeve\u201d @ BB vMucaasvt SE ow\ni v es - se. - \u201cgenews | ve\n\nin KE =\n\nBattlelD 651763204500073990\n\n| 16. DEFEAT 34 wth\nZ Duration 14:31 04\/20\/2026 11:58:33\nte wW oO 5OQ08 @ ba) 9745 4 2 25 Bluerose_magic\nee eee\n= ndal 7581 is 10114 5 4 i\nz % - 7 Leadership & e\n~ : 6781 1 4 10 Laperauss\n. ie @ @ \u201cxaos \"GE -w\na) . Avalancl 8211 r 9743 11 4 ic\nAP i Ss 4 8 Drenvic A ) \u2014\nry 4%) ind @ FF veaagt Z| ve\n~~\u00bb eu = 8315 i cd 11242 13 2 13 6OYs\nBS eseove\u201d @ OF \u201csencesG@ -@\nBattlelD 651763204500073990 = 7 2 , 5 4 -\n\noe\n\n16\n\n34\n\nDuration 14:31\n\n04\/20\/2026 11:58:33\n\nY DEFEAT\n\n40\n\n9745 4 2 25\n\nBluerose _magic\n\nto\u201c Sah!\n\nwv\n\n8\n\nBESVER ''\n\nfF ew\n\nzandal\n\n4 7 3 7581\n\n10114 5 4 7\n\nLeadership &\n\ni)\n\nEGA GE\n\nIAPBVBee\n\nt!\n\nv\n\n\u00ae\n\n\u00ae\n\nbalabalahard\n\n4 8 2 7104\n\n6781 1 4 10\n\nLaperauss &\n\ni)\n\nSHeOs\n\n\u00ae\n\n\u00ae\n\nBAG \u00ae\n\nGos\n\nAvalanch\n\n0 4 5 8211\n\n9743 114 8\n\nDrenvic\n\n=\n\nwy\n\n\u00bb\n\n\u00a9\n\nSAFSERS\n\n\u00ae\n\n\u00ae\n\nESERED ''\n\n@ Nuas\n\n5 115 8315\n\n11242 13 2 13\n\noy \\\n\nwe eo 8\n\ncae\n\nfebs''\n\nw@ es\n\nPER oie\n\n= =\n\nben\n\nQuit\n\nBattlelD 651763204500073990","suggested":{"match_date":"2026-04-20","team_a_name":"Team A","team_b_name":"Team B","winner":"team_a","duration":"11:58","notes":"OCR Score Hint: 4 - 2","players":[{"player_name":"wolay70","kills":3,"deaths":4,"assists":0,"rating":6.1,"medal":"bronze","team":"team_a"},{"player_name":"zandal","kills":4,"deaths":7,"assists":3,"rating":6.2,"medal":"bronze","team":"team_a"},{"player_name":"balabalahard","kills":4,"deaths":8,"assists":2,"rating":5.8,"medal":null,"team":"team_a"},{"player_name":"Avalanch","kills":0,"deaths":0,"assists":0,"rating":null,"medal":null,"team":"team_a"},{"player_name":"Bluerose_magic","kills":4,"deaths":2,"assists":25,"rating":11.4,"medal":"mvp_win","team":"team_b"},{"player_name":"Laperauss","kills":1,"deaths":4,"assists":10,"rating":7.1,"medal":"bronze","team":"team_b"},{"player_name":"Drenvic","kills":11,"deaths":4,"assists":8,"rating":10.3,"medal":"gold","team":"team_b"},{"player_name":"cores","kills":13,"deaths":2,"assists":13,"rating":12.4,"medal":"mvp_win","team":"team_b"},{"player_name":"Duration","kills":0,"deaths":0,"assists":0,"rating":null,"medal":null,"team":"team_b"}]}}','parsed',1,'2026-04-20 05:44:50','2026-04-20 05:44:55');
INSERT INTO uploaded_screenshots VALUES(8,NULL,'screenshots/sbJU0Ij1kAsiPTm9wP0SEsKDdpIacLJbNAiifBvz.jpg','{"ocr_message":"OCR parsed successfully","ocr_text":"oe\n\n04\/20\/2026 11:58:33\n\nDuration 14:31\n\n9745 4 2 25 Bluerose _magic .\n\n8 Bsegoven yd ve\no\u00bb Brsaces\u201d O@ BW\u201c aewser \u00a2 @\n\u00a9\u00bb Bssze0er''\u201d @ @ \u201cxaor \"|G -w\nOe Breeeve\u201d @ BB vMucaasvt SE ow\ni v es - se. - \u201cgenews | ve\n\nin KE =\n\nBattlelD 651763204500073990\n\n| 16. DEFEAT 34 wth\nZ Duration 14:31 04\/20\/2026 11:58:33\nte wW oO 5OQ08 @ ba) 9745 4 2 25 Bluerose_magic\nee eee\n= ndal 7581 is 10114 5 4 i\nz % - 7 Leadership & e\n~ : 6781 1 4 10 Laperauss\n. ie @ @ \u201cxaos \"GE -w\na) . Avalancl 8211 r 9743 11 4 ic\nAP i Ss 4 8 Drenvic A ) \u2014\nry 4%) ind @ FF veaagt Z| ve\n~~\u00bb eu = 8315 i cd 11242 13 2 13 6OYs\nBS eseove\u201d @ OF \u201csencesG@ -@\nBattlelD 651763204500073990 = 7 2 , 5 4 -\n\noe\n\n16\n\n34\n\nDuration 14:31\n\n04\/20\/2026 11:58:33\n\nY DEFEAT\n\n40\n\n9745 4 2 25\n\nBluerose _magic\n\nto\u201c Sah!\n\nwv\n\n8\n\nBESVER ''\n\nfF ew\n\nzandal\n\n4 7 3 7581\n\n10114 5 4 7\n\nLeadership &\n\ni)\n\nEGA GE\n\nIAPBVBee\n\nt!\n\nv\n\n\u00ae\n\n\u00ae\n\nbalabalahard\n\n4 8 2 7104\n\n6781 1 4 10\n\nLaperauss &\n\ni)\n\nSHeOs\n\n\u00ae\n\n\u00ae\n\nBAG \u00ae\n\nGos\n\nAvalanch\n\n0 4 5 8211\n\n9743 114 8\n\nDrenvic\n\n=\n\nwy\n\n\u00bb\n\n\u00a9\n\nSAFSERS\n\n\u00ae\n\n\u00ae\n\nESERED ''\n\n@ Nuas\n\n5 115 8315\n\n11242 13 2 13\n\noy \\\n\nwe eo 8\n\ncae\n\nfebs''\n\nw@ es\n\nPER oie\n\n= =\n\nben\n\nQuit\n\nBattlelD 651763204500073990","suggested":{"match_date":"2026-04-20","team_a_name":"Team A","team_b_name":"Team B","winner":"team_a","duration":"11:58","notes":"OCR Score Hint: 4 - 2","players":[{"player_name":"wolay70","kills":3,"deaths":4,"assists":0,"rating":6.1,"medal":"bronze","team":"team_a"},{"player_name":"zandal","kills":4,"deaths":7,"assists":3,"rating":6.2,"medal":"bronze","team":"team_a"},{"player_name":"balabalahard","kills":4,"deaths":8,"assists":2,"rating":5.8,"medal":null,"team":"team_a"},{"player_name":"Avalanch","kills":0,"deaths":0,"assists":0,"rating":null,"medal":null,"team":"team_a"},{"player_name":"Bluerose_magic","kills":4,"deaths":2,"assists":25,"rating":11.4,"medal":"mvp_win","team":"team_b"},{"player_name":"Laperauss","kills":1,"deaths":4,"assists":10,"rating":7.1,"medal":"bronze","team":"team_b"},{"player_name":"Drenvic","kills":11,"deaths":4,"assists":8,"rating":10.3,"medal":"gold","team":"team_b"},{"player_name":"cores","kills":13,"deaths":2,"assists":13,"rating":12.4,"medal":"mvp_win","team":"team_b"},{"player_name":"Duration","kills":0,"deaths":0,"assists":0,"rating":null,"medal":null,"team":"team_b"}]}}','parsed',1,'2026-04-20 05:49:51','2026-04-20 05:49:55');
INSERT INTO uploaded_screenshots VALUES(9,NULL,'https://res.cloudinary.com/dkjkd4jt9/image/upload/v1776668973/mlbb-stats/screenshots/sukiwtolyc3ucgly4lzw.jpg','{"ocr_message":"OCR parsed successfully","ocr_text":"\u00a9 \u00a9 \u00a9 GB datvojods iH x | Merial Marke x | @ EdtPost\u201cinto x | @ PPIDBedans: x | WP BSSN\/P2\/cr x | ) MinOConsole x (iB APIKeyE|Sell KK) ot Cloudnary-< x | + -\n\n\u20ac > @ _ % console.cloudinary.com\/app\/c-t06d6527b10778670ee92412e 1eadb\/settings\/api-keys or Be0''@6\nB once\nco) API Keys oso sncue\nProduct environment setings > Manage API Key and secret pairs for your product environment To build he environment variable foreach pa,\ntone copy the provided format ana substute your actual values for the placeholders. Make sure to store your secrets\nwie securely Generate New API Ke\n2\n*. Bae pet envtoomert vite\nm airbase CCLOUDINARY-URL=cloudinary:<your pi key>:<yourapLsecrel>@dkkato o\n\u2018me Backup\n* Optimization Key Name Date Created = APL Key API Secret Status\n\u2018wee wehook Notiteations\nye Seeurty Root it \u2018hor 20,2026 467578139675618 AZSAngITO 8X. \u00a9 hewve\ntocncon  A\u20ac20UN Settings - Page loft < >\nMy Profile\nAccount\nRote Management\n\nProduct Environments\n\nUser Management\n* \u2018Account Security\n\na\n\n\u00a9 sing 5\n\n@ Planets\n\noo. Tmnenson (3)\n\n\u00a9 \u00a9 By rewve jones x | O MeriiatMarkc x | @ EatPost\u201cinfo x | @ PPDBadans x | BSSN\/P2\/cr x | 7 MinlOConsole x (ER APIKQRISEN KR) mM cludnay-c x + \u2014 (Y\n\u20ac > \u00a9 _& console.cloudinary.com\/apple-106d6527610778670ee824\"2e1\u00a2a8b\/settingsapl-keys oar 8009\/0\nGB steams API Keys (Geoiname aaa\nWE cescioccts = eight\nvee ae ee\n\u201c Bee\n. ee CLOUDINAR URL eldhary\/ jor apap apLassot ec o\n\u2014 Backup,\n* Optimization Key Name Date Created \u00a9 API Key API Secret. \u2018Status,\nwise \u2018Webhook Notifications.\nety Root est \u2018Apr 20, 2026 467578130875618 XIXZSAhqITO_XSX. \u00a9 petive\nvay rome\npevieon\neetriomc\nten\n= \u2018Account Security\na\n. = .\n| roo\noo  Mnsimi @\n\nx\n\n\u00a9 Meriiat Mark\n\nx\n\nx\n\n@ PID Badan 5\n\nx\n\nx\n\n2 Minto Console\n\nx\n\nMt Clousnary-\n\nx\n\n+\n\n\u00a9 6 \u00a9 By rewve)oes:\n\n\u00a9 Ext Post \u201cin\n\n8950 \/2\/0\n\n@ APiKeys set) x\n\n\u00ab>\u00a2\n\n@\n\n2\n\nconsole. cloudinary.com\/appe-10646527610778670ee924t2e1eaSb\/settings\/apl-keys\n\noar Be91@\n\nco)\n\nB orcs\n\nAPI Keys isuaname iia\n\na\n\nProduct environment settings\n\na\n\nManage AP! key and secret pairs for your product environment, To build the environment variable for each pair,\n\nNome\n\n\u2018copy the provided format and substtute your actual values forthe placeholders. Make sure to store your secrets\n\nAPI Keys,\n\nsecurely.\n\nGenerate New API Ke\n\n{| enveonment variable\n\npees\n\nUploas\n\nBulk Delete\n\nCLOUDINARY-URL=cloudinary\/\/<your_apl.key><your_apl.secret>@dkikd4jt@\n\nnase\n\nBackup\n\nOptimization\n\nDate Created >\n\nAPI Secret\n\nStatus\n\neco\n\nKey Name\n\nAPL Key\n\nWebhook Notifications\n\n=\n\nSecurity\n\nRoot\n\nect\n\n\u2018Apr 20, 2028\n\n467578129875618\n\nXIvZSANQITE_xSX.\n\n\u00a9 Active\n\naaarone\n\ne\n\n>\n\nMosain\n\n\u2018Account setings\n\nPage 1of 1 <\n\nMy Profle\n\nAccount\n\nRole Management\n\nProduct Environments\n\n%\n\nUser Management\n\n\u2018Account Security\n\nBiting\n\nPlan Details\n\nBiling Information\n\n= -","suggested":{"match_date":"2026-04-20","team_a_name":"Team A","team_b_name":"Team B","winner":"team_a","duration":null,"notes":null,"players":[]}}','parsed',1,'2026-04-20 07:09:33','2026-04-20 07:09:36');
INSERT INTO uploaded_screenshots VALUES(10,NULL,'https://res.cloudinary.com/dkjkd4jt9/image/upload/v1776669035/mlbb-stats/screenshots/lppojusbhcznjnexvglb.jpg','{"ocr_message":"OCR parsed successfully","ocr_text":"@\n\n46) DEFEAT 434. o@\n\\\\ Wey Duration 14:31 04\/20\/2026 11:58:33\n\n9745 4 2 25 \u2014 Bluerose_magic\n\nmS \u201cxecotes:\nMizaoee\u201d @ KR \u201caeaser : \u2019\nos Brre0er \u201d @ @ \"nao\" S vw\noe Breese\u201d @ BM veaaesvE ve\nwe Beeore \u201c @ # \u201cvencws\nCREE: Ee\n\nee\n\n\u00ae 16. DEFEAT 134 ogee\n\\ \\ ) ay Duration 14:31 04202020 1:88:33\n7 we y = eis 9745 4 2 25 Bluerose_magic =\nTy Wescese BW \u201cvesseo GY vo\n~\\ s zandal 47 3 7581 101145 4 7 Leadership Bt e <\n\u00a9\u201d Diraces\u201d @ BW \u201cseasarve, vo\nbalabalahard 4 8 2 7104 6781 1 4 10 Laperauss @ \\\nHy Bsse0es ) @ BROS << \u00a5w&\niy fe Avalanch 04 5 6211 9743 114 8 Drenvic ~~ \u2018\noe Brera\u201d @ BW\u201c veaaiv GE ve\n@ Nuas 5 115 8315 11242 13 2 13 GOYe\nHy BSiveaze\u201d @ e pence s@G-\nGinein 6617632040500 . ~ s \u2014\n\no\n\n\u00a9\n\n~\n\n16\\ DEFEAT 34\n\nDuration 14:31 04\/20\/2026 11:58:33\n\n9745 4 2 25\n\nBluerose_magic\n\nOB20008\n\n42\n\nBEOVEG:\n\nac)\n\n47 3 7581\n\n101145 47\n\nLeadership @\n\n\u201c\n\nwy\n\nEkrowe\n\nAEBSF\n\n15\n\na)\n\n\u00ae 8\n\nww\n\nbalabalahard\n\n4 8 2 7104\n\n6781 1 4 10\n\n2 \u00a9\n\nSHeOa\n\n\u00ae @\n\nBAO\n\nLaperauss St 14\n\n\u2018Avalanch\n\n0 4 5 8211\n\n9743 114 8\n\nDrenvic\n\nOR\n\nEA SERS\n\n\u00ae &\n\nEPETSS\n\ni)\n\n@ Nuas\n\n5 115 8315\n\nGoya\n\ni) \u00a9\n\nY EeEGQze\n\nVege?\n\n\u00bb\n\n= =e\n\nta\n\nA GF.\n\n1763204500073900\n\nGD Quick a\n\nth = Like All\n\ner ;","suggested":{"match_date":"2026-04-20","team_a_name":"Team A","team_b_name":"Team B","winner":"team_a","duration":"14:31","notes":"OCR Score Hint: 31 - 04","players":[{"player_name":"balabalahard","kills":0,"deaths":0,"assists":0,"rating":null,"medal":null,"team":"team_a"},{"player_name":"wolay70","kills":0,"deaths":0,"assists":0,"rating":null,"medal":null,"team":"team_a"},{"player_name":"zandal","kills":0,"deaths":0,"assists":0,"rating":null,"medal":null,"team":"team_a"},{"player_name":"Avalanch","kills":0,"deaths":0,"assists":0,"rating":null,"medal":null,"team":"team_a"},{"player_name":"Bluerose_magic","kills":4,"deaths":2,"assists":25,"rating":11.4,"medal":"mvp_win","team":"team_b"},{"player_name":"Laperauss","kills":1,"deaths":4,"assists":10,"rating":7.1,"medal":"bronze","team":"team_b"},{"player_name":"Drenvic","kills":11,"deaths":4,"assists":8,"rating":10.3,"medal":"gold","team":"team_b"},{"player_name":"Duration","kills":0,"deaths":0,"assists":0,"rating":null,"medal":null,"team":"team_b"}]}}','parsed',1,'2026-04-20 07:10:36','2026-04-20 07:10:39');
INSERT INTO uploaded_screenshots VALUES(11,NULL,'https://res.cloudinary.com/dkjkd4jt9/image/upload/v1776699419/mlbb-stats/screenshots/cgzosjopbhvvnpdgxdnb.jpg','{"ocr_message":"AI parsed screenshot successfully","ocr_text":"{\n  \"match_date\": \"2026-04-20\",\n  \"team_a_name\": \"Team A\",\n  \"team_b_name\": \"Team B\",\n  \"winner\": \"team_b\",\n  \"duration\": \"14:31\",\n  \"notes\": null,\n  \"players\": [\n    {\n      \"team\": \"team_a\",\n      \"player_name\": \"wolay70\",\n      \"kills\": 3,\n      \"deaths\": 4,\n      \"assists\": 0,\n      \"rating\": 4.2,\n      \"medal\": \"null\"\n    },\n    {\n      \"team\": \"team_a\",\n      \"player_name\": \"zandal\",\n      \"kills\": 4,\n      \"deaths\": 7,\n      \"assists\": 3,\n      \"rating\": 4.9,\n      \"medal\": \"silver\"\n    },\n    {\n      \"team\": \"team_a\",\n      \"player_name\": \"balabalahard\",\n      \"kills\": 4,\n      \"deaths\": 8,\n      \"assists\": 2,\n      \"rating\": 4.0,\n      \"medal\": \"null\"\n    },\n    {\n      \"team\": \"team_a\",\n      \"player_name\": \"Avalanch\",\n      \"kills\": 0,\n      \"deaths\": 4,\n      \"assists\": 5,\n      \"rating\": 4.7,\n      \"medal\": \"null\"\n    },\n    {\n      \"team\": \"team_a\",\n      \"player_name\": \"Nuas\",\n      \"kills\": 5,\n      \"deaths\": 11,\n      \"assists\": 6,\n      \"rating\": 3.6,\n      \"medal\": \"null\"\n    },\n    {\n      \"team\": \"team_b\",\n      \"player_name\": \"Bluerose_magic\",\n      \"kills\": 2,\n      \"deaths\": 2,\n      \"assists\": 5,\n      \"rating\": 12.0,\n      \"medal\": \"gold\"\n    },\n    {\n      \"team\": \"team_b\",\n      \"player_name\": \"Leadership\",\n      \"kills\": 4,\n      \"deaths\": 2,\n      \"assists\": 7,\n      \"rating\": 7.2,\n      \"medal\": \"null\"\n    },\n    {\n      \"team\": \"team_b\",\n      \"player_name\": \"Laperuass\",\n      \"kills\": 1,\n      \"deaths\": 4,\n      \"assists\": 10,\n      \"rating\": 5.3,\n      \"medal\": \"null\"\n    },\n    {\n      \"team\": \"team_b\",\n      \"player_name\": \"Drenvic\",\n      \"kills\": 11,\n      \"deaths\": 4,\n      \"assists\": 8,\n      \"rating\": 9.3,\n      \"medal\": \"null\"\n    },\n    {\n      \"team\": \"team_b\",\n      \"player_name\": \"G.O.Y\",\n      \"kills\": 12,\n      \"deaths\": 3,\n      \"assists\": 13,\n      \"rating\": 12.7,\n      \"medal\": \"mvp_win\"\n    }\n  ]\n}","parser":"ai_openrouter","suggested":{"match_date":"2026-04-20","team_a_name":"Team A","team_b_name":"Team B","winner":"team_b","duration":"14:31","notes":null,"players":[{"team":"team_a","player_name":"wolay70","kills":3,"deaths":4,"assists":0,"rating":4.2,"medal":null},{"team":"team_a","player_name":"zandal","kills":4,"deaths":7,"assists":3,"rating":4.9,"medal":"silver"},{"team":"team_a","player_name":"balabalahard","kills":4,"deaths":8,"assists":2,"rating":4,"medal":null},{"team":"team_a","player_name":"Avalanch","kills":0,"deaths":4,"assists":5,"rating":4.7,"medal":null},{"team":"team_a","player_name":"Nuas","kills":5,"deaths":11,"assists":6,"rating":3.6,"medal":null},{"team":"team_b","player_name":"Bluerose_magic","kills":2,"deaths":2,"assists":5,"rating":12,"medal":"gold"},{"team":"team_b","player_name":"Leadership","kills":4,"deaths":2,"assists":7,"rating":7.2,"medal":null},{"team":"team_b","player_name":"Laperuass","kills":1,"deaths":4,"assists":10,"rating":5.3,"medal":null},{"team":"team_b","player_name":"Drenvic","kills":11,"deaths":4,"assists":8,"rating":9.3,"medal":null},{"team":"team_b","player_name":"G.O.Y","kills":12,"deaths":3,"assists":13,"rating":12.7,"medal":"mvp_win"}]}}','parsed',1,'2026-04-20 15:36:59','2026-04-20 15:37:10');
INSERT INTO uploaded_screenshots VALUES(12,NULL,'https://res.cloudinary.com/dkjkd4jt9/image/upload/v1776699592/mlbb-stats/screenshots/gfkhaej4cb6t8js5njza.jpg','{"ocr_message":"AI parsed screenshot successfully","ocr_text":"{\n  \"match_date\": \"2026-04-20\",\n  \"team_a_name\": \"Team A\",\n  \"team_b_name\": \"Team B\",\n  \"winner\": \"team_b\",\n  \"duration\": \"14:31\",\n  \"notes\": null,\n  \"players\": [\n    {\n      \"team\": \"team_a\",\n      \"player_name\": \"wolay70\",\n      \"hero_name\": null,\n      \"lane\": \"null\",\n      \"kills\": 3,\n      \"deaths\": 4,\n      \"assists\": 0,\n      \"rating\": 4.2,\n      \"medal\": null\n    },\n    {\n      \"team\": \"team_a\",\n      \"player_name\": \"zandal\",\n      \"hero_name\": null,\n      \"lane\": \"null\",\n      \"kills\": 4,\n      \"deaths\": 7,\n      \"assists\": 3,\n      \"rating\": 4.9,\n      \"medal\": null\n    },\n    {\n      \"team\": \"team_a\",\n      \"player_name\": \"balabalahard\",\n      \"hero_name\": null,\n      \"lane\": \"null\",\n      \"kills\": 4,\n      \"deaths\": 8,\n      \"assists\": 2,\n      \"rating\": 4.0,\n      \"medal\": null\n    },\n    {\n      \"team\": \"team_a\",\n      \"player_name\": \"Avalanch\",\n      \"hero_name\": null,\n      \"lane\": \"null\",\n      \"kills\": 0,\n      \"deaths\": 4,\n      \"assists\": 5,\n      \"rating\": 4.7,\n      \"medal\": null\n    },\n    {\n      \"team\": \"team_a\",\n      \"player_name\": \"Nuas\",\n      \"hero_name\": null,\n      \"lane\": \"null\",\n      \"kills\": 5,\n      \"deaths\": 11,\n      \"assists\": 6,\n      \"rating\": 5.6,\n      \"medal\": null\n    },\n    {\n      \"team\": \"team_b\",\n      \"player_name\": \"Bluerose_magic\",\n      \"hero_name\": null,\n      \"lane\": \"null\",\n      \"kills\": 2,\n      \"deaths\": 4,\n      \"assists\": 25,\n      \"rating\": 12.0,\n      \"medal\": \"mvp_win\"\n    },\n    {\n      \"team\": \"team_b\",\n      \"player_name\": \"Leadership\",\n      \"hero_name\": null,\n      \"lane\": \"null\",\n      \"kills\": 4,\n      \"deaths\": 2,\n      \"assists\": 7,\n      \"rating\": 7.2,\n      \"medal\": null\n    },\n    {\n      \"team\": \"team_b\",\n      \"player_name\": \"Laperuass\",\n      \"hero_name\": null,\n      \"lane\": \"null\",\n      \"kills\": 1,\n      \"deaths\": 10,\n      \"assists\": 1,\n      \"rating\": 5.3,\n      \"medal\": null\n    },\n    {\n      \"team\": \"team_b\",\n      \"player_name\": \"Drenvic\",\n      \"hero_name\": null,\n      \"lane\": \"null\",\n      \"kills\": 11,\n      \"deaths\": 4,\n      \"assists\": 8,\n      \"rating\": 9.3,\n      \"medal\": null\n    },\n    {\n      \"team\": \"team_b\",\n      \"player_name\": \"G.O.Y\",\n      \"hero_name\": null,\n      \"lane\": \"null\",\n      \"kills\": 12,\n      \"deaths\": 2,\n      \"assists\": 13,\n      \"rating\": 12.7,\n      \"medal\": null\n    }\n  ]\n}","parser":"ai_openrouter","suggested":{"match_date":"2026-04-20","team_a_name":"Team A","team_b_name":"Team B","winner":"team_b","duration":"14:31","notes":null,"players":[{"team":"team_a","player_name":"wolay70","hero_name":null,"lane":null,"kills":3,"deaths":4,"assists":0,"rating":4.2,"medal":null},{"team":"team_a","player_name":"zandal","hero_name":null,"lane":null,"kills":4,"deaths":7,"assists":3,"rating":4.9,"medal":null},{"team":"team_a","player_name":"balabalahard","hero_name":null,"lane":null,"kills":4,"deaths":8,"assists":2,"rating":4,"medal":null},{"team":"team_a","player_name":"Avalanch","hero_name":null,"lane":null,"kills":0,"deaths":4,"assists":5,"rating":4.7,"medal":null},{"team":"team_a","player_name":"Nuas","hero_name":null,"lane":null,"kills":5,"deaths":11,"assists":6,"rating":5.6,"medal":null},{"team":"team_b","player_name":"Bluerose_magic","hero_name":null,"lane":null,"kills":2,"deaths":4,"assists":25,"rating":12,"medal":"mvp_win"},{"team":"team_b","player_name":"Leadership","hero_name":null,"lane":null,"kills":4,"deaths":2,"assists":7,"rating":7.2,"medal":null},{"team":"team_b","player_name":"Laperuass","hero_name":null,"lane":null,"kills":1,"deaths":10,"assists":1,"rating":5.3,"medal":null},{"team":"team_b","player_name":"Drenvic","hero_name":null,"lane":null,"kills":11,"deaths":4,"assists":8,"rating":9.3,"medal":null},{"team":"team_b","player_name":"G.O.Y","hero_name":null,"lane":null,"kills":12,"deaths":2,"assists":13,"rating":12.7,"medal":null}]}}','parsed',1,'2026-04-20 15:39:53','2026-04-20 15:40:05');
INSERT INTO uploaded_screenshots VALUES(13,NULL,'https://res.cloudinary.com/dkjkd4jt9/image/upload/v1776699654/mlbb-stats/screenshots/eguuoopzqqtjdhgslroh.jpg','{"ocr_message":"AI parsed screenshot successfully","ocr_text":"{\n  \"match_date\": \"2026-04-20\",\n  \"team_a_name\": \"Team A\",\n  \"team_b_name\": \"Team B\",\n  \"winner\": \"team_b\",\n  \"duration\": \"14:31\",\n  \"notes\": null,\n  \"players\": [\n    {\n      \"team\": \"team_a\",\n      \"player_name\": \"wolay70\",\n      \"hero_name\": null,\n      \"lane\": \"null\",\n      \"kills\": 3,\n      \"deaths\": 4,\n      \"assists\": 0,\n      \"rating\": 4.2,\n      \"medal\": \"null\"\n    },\n    {\n      \"team\": \"team_a\",\n      \"player_name\": \"zandal\",\n      \"hero_name\": null,\n      \"lane\": \"null\",\n      \"kills\": 4,\n      \"deaths\": 7,\n      \"assists\": 3,\n      \"rating\": 4.9,\n      \"medal\": \"null\"\n    },\n    {\n      \"team\": \"team_a\",\n      \"player_name\": \"balabalahard\",\n      \"hero_name\": null,\n      \"lane\": \"null\",\n      \"kills\": 4,\n      \"deaths\": 8,\n      \"assists\": 2,\n      \"rating\": 4.0,\n      \"medal\": \"null\"\n    },\n    {\n      \"team\": \"team_a\",\n      \"player_name\": \"Avalanch\",\n      \"hero_name\": null,\n      \"lane\": \"null\",\n      \"kills\": 0,\n      \"deaths\": 5,\n      \"assists\": 4,\n      \"rating\": 4.7,\n      \"medal\": \"null\"\n    },\n    {\n      \"team\": \"team_a\",\n      \"player_name\": \"Nuas\",\n      \"hero_name\": null,\n      \"lane\": \"null\",\n      \"kills\": 5,\n      \"deaths\": 11,\n      \"assists\": 5,\n      \"rating\": 5.6,\n      \"medal\": \"null\"\n    },\n    {\n      \"team\": \"team_b\",\n      \"player_name\": \"Bluerose_magic\",\n      \"hero_name\": null,\n      \"lane\": \"null\",\n      \"kills\": 4,\n      \"deaths\": 2,\n      \"assists\": 25,\n      \"rating\": 12.0,\n      \"medal\": \"gold\"\n    },\n    {\n      \"team\": \"team_b\",\n      \"player_name\": \"Leadership\",\n      \"hero_name\": null,\n      \"lane\": \"null\",\n      \"kills\": 5,\n      \"deaths\": 4,\n      \"assists\": 7,\n      \"rating\": 7.2,\n      \"medal\": \"null\"\n    },\n    {\n      \"team\": \"team_b\",\n      \"player_name\": \"Laperuass\",\n      \"hero_name\": null,\n      \"lane\": \"null\",\n      \"kills\": 1,\n      \"deaths\": 4,\n      \"assists\": 10,\n      \"rating\": 5.3,\n      \"medal\": \"null\"\n    },\n    {\n      \"team\": \"team_b\",\n      \"player_name\": \"Drenvic\",\n      \"hero_name\": null,\n      \"lane\": \"null\",\n      \"kills\": 11,\n      \"deaths\": 4,\n      \"assists\": 8,\n      \"rating\": 9.3,\n      \"medal\": \"null\"\n    },\n    {\n      \"team\": \"team_b\",\n      \"player_name\": \"G.O.Y\",\n      \"hero_name\": null,\n      \"lane\": \"null\",\n      \"kills\": 13,\n      \"deaths\": 2,\n      \"assists\": 13,\n      \"rating\": 12.7,\n      \"medal\": \"mvp_win\"\n    }\n  ]\n}","parser":"ai_openrouter","suggested":{"match_date":"2026-04-20","team_a_name":"Team A","team_b_name":"Team B","winner":"team_b","duration":"14:31","notes":null,"players":[{"team":"team_a","player_name":"wolay70","hero_name":null,"lane":null,"kills":3,"deaths":4,"assists":0,"rating":4.2,"medal":null},{"team":"team_a","player_name":"zandal","hero_name":null,"lane":null,"kills":4,"deaths":7,"assists":3,"rating":4.9,"medal":null},{"team":"team_a","player_name":"balabalahard","hero_name":null,"lane":null,"kills":4,"deaths":8,"assists":2,"rating":4,"medal":null},{"team":"team_a","player_name":"Avalanch","hero_name":null,"lane":null,"kills":0,"deaths":5,"assists":4,"rating":4.7,"medal":null},{"team":"team_a","player_name":"Nuas","hero_name":null,"lane":null,"kills":5,"deaths":11,"assists":5,"rating":5.6,"medal":null},{"team":"team_b","player_name":"Bluerose_magic","hero_name":null,"lane":null,"kills":4,"deaths":2,"assists":25,"rating":12,"medal":"gold"},{"team":"team_b","player_name":"Leadership","hero_name":null,"lane":null,"kills":5,"deaths":4,"assists":7,"rating":7.2,"medal":null},{"team":"team_b","player_name":"Laperuass","hero_name":null,"lane":null,"kills":1,"deaths":4,"assists":10,"rating":5.3,"medal":null},{"team":"team_b","player_name":"Drenvic","hero_name":null,"lane":null,"kills":11,"deaths":4,"assists":8,"rating":9.3,"medal":null},{"team":"team_b","player_name":"G.O.Y","hero_name":null,"lane":null,"kills":13,"deaths":2,"assists":13,"rating":12.7,"medal":"mvp_win"}]}}','parsed',1,'2026-04-20 15:40:54','2026-04-20 15:41:04');
INSERT INTO uploaded_screenshots VALUES(14,NULL,'https://res.cloudinary.com/dkjkd4jt9/image/upload/v1776699831/mlbb-stats/screenshots/b3vkvrsvdaqfokkc1hi7.jpg','{"ocr_message":"AI parsed screenshot successfully","ocr_text":"{\n  \"match_date\": \"2026-04-20\",\n  \"team_a_name\": \"Team A\",\n  \"team_b_name\": \"Team B\",\n  \"winner\": \"team_b\",\n  \"duration\": \"14:31\",\n  \"notes\": null,\n  \"players\": [\n    {\n      \"team\": \"team_a\",\n      \"player_name\": \"wolay70\",\n      \"hero_name\": null,\n      \"lane\": \"null\",\n      \"kills\": 3,\n      \"deaths\": 4,\n      \"assists\": 0,\n      \"rating\": 4.2,\n      \"medal\": null\n    },\n    {\n      \"team\": \"team_a\",\n      \"player_name\": \"zandal\",\n      \"hero_name\": null,\n      \"lane\": \"null\",\n      \"kills\": 4,\n      \"deaths\": 7,\n      \"assists\": 3,\n      \"rating\": 4.9,\n      \"medal\": null\n    },\n    {\n      \"team\": \"team_a\",\n      \"player_name\": \"balabalahard\",\n      \"hero_name\": null,\n      \"lane\": \"null\",\n      \"kills\": 4,\n      \"deaths\": 8,\n      \"assists\": 2,\n      \"rating\": 4.0,\n      \"medal\": null\n    },\n    {\n      \"team\": \"team_a\",\n      \"player_name\": \"Avalanch\",\n      \"hero_name\": null,\n      \"lane\": \"null\",\n      \"kills\": 0,\n      \"deaths\": 4,\n      \"assists\": 5,\n      \"rating\": 4.7,\n      \"medal\": null\n    },\n    {\n      \"team\": \"team_a\",\n      \"player_name\": \"Nuas\",\n      \"hero_name\": null,\n      \"lane\": \"null\",\n      \"kills\": 5,\n      \"deaths\": 11,\n      \"assists\": 6,\n      \"rating\": 5.6,\n      \"medal\": null\n    },\n    {\n      \"team\": \"team_b\",\n      \"player_name\": \"Bluerose_magic\",\n      \"hero_name\": null,\n      \"lane\": \"null\",\n      \"kills\": 2,\n      \"deaths\": 4,\n      \"assists\": 25,\n      \"rating\": 12.0,\n      \"medal\": null\n    },\n    {\n      \"team\": \"team_b\",\n      \"player_name\": \"Leadership\",\n      \"hero_name\": null,\n      \"lane\": \"null\",\n      \"kills\": 4,\n      \"deaths\": 2,\n      \"assists\": 7,\n      \"rating\": 7.2,\n      \"medal\": null\n    },\n    {\n      \"team\": \"team_b\",\n      \"player_name\": \"Laperuass\",\n      \"hero_name\": null,\n      \"lane\": \"null\",\n      \"kills\": 1,\n      \"deaths\": 10,\n      \"assists\": 1,\n      \"rating\": 5.3,\n      \"medal\": null\n    },\n    {\n      \"team\": \"team_b\",\n      \"player_name\": \"Drenvic\",\n      \"hero_name\": null,\n      \"lane\": \"null\",\n      \"kills\": 11,\n      \"deaths\": 4,\n      \"assists\": 8,\n      \"rating\": 9.3,\n      \"medal\": null\n    },\n    {\n      \"team\": \"team_b\",\n      \"player_name\": \"G.O.Y\",\n      \"hero_name\": null,\n      \"lane\": \"null\",\n      \"kills\": 12,\n      \"deaths\": 2,\n      \"assists\": 13,\n      \"rating\": 12.7,\n      \"medal\": \"mvp_win\"\n    }\n  ]\n}","parser":"ai_openrouter","suggested":{"match_date":"2026-04-20","team_a_name":"Team A","team_b_name":"Team B","winner":"team_b","duration":"14:31","notes":null,"players":[{"team":"team_a","player_name":"wolay70","hero_name":null,"lane":null,"kills":3,"deaths":4,"assists":0,"rating":4.2,"medal":null},{"team":"team_a","player_name":"zandal","hero_name":null,"lane":null,"kills":4,"deaths":7,"assists":3,"rating":4.9,"medal":null},{"team":"team_a","player_name":"balabalahard","hero_name":null,"lane":null,"kills":4,"deaths":8,"assists":2,"rating":4,"medal":null},{"team":"team_a","player_name":"Avalanch","hero_name":null,"lane":null,"kills":0,"deaths":4,"assists":5,"rating":4.7,"medal":null},{"team":"team_a","player_name":"Nuas","hero_name":null,"lane":null,"kills":5,"deaths":11,"assists":6,"rating":5.6,"medal":null},{"team":"team_b","player_name":"Bluerose_magic","hero_name":null,"lane":null,"kills":2,"deaths":4,"assists":25,"rating":12,"medal":null},{"team":"team_b","player_name":"Leadership","hero_name":null,"lane":null,"kills":4,"deaths":2,"assists":7,"rating":7.2,"medal":null},{"team":"team_b","player_name":"Laperuass","hero_name":null,"lane":null,"kills":1,"deaths":10,"assists":1,"rating":5.3,"medal":null},{"team":"team_b","player_name":"Drenvic","hero_name":null,"lane":null,"kills":11,"deaths":4,"assists":8,"rating":9.3,"medal":null},{"team":"team_b","player_name":"G.O.Y","hero_name":null,"lane":null,"kills":12,"deaths":2,"assists":13,"rating":12.7,"medal":"mvp_win"}]}}','parsed',1,'2026-04-20 15:43:51','2026-04-20 15:44:03');
INSERT INTO uploaded_screenshots VALUES(15,NULL,'https://res.cloudinary.com/dkjkd4jt9/image/upload/v1776699918/mlbb-stats/screenshots/fxuv86laqi5p6lnos0h7.jpg','{"ocr_message":"OCR parsed successfully","ocr_text":"@\n\n46) DEFEAT 434. o@\n\\\\ Wey Duration 14:31 04\/20\/2026 11:58:33\n\n9745 4 2 25 \u2014 Bluerose_magic\n\nmS \u201cxecotes:\nMizaoee\u201d @ KR \u201caeaser : \u2019\nos Brre0er \u201d @ @ \"nao\" S vw\noe Breese\u201d @ BM veaaesvE ve\nwe Beeore \u201c @ # \u201cvencws\nCREE: Ee\n\nee\n\n\u00ae 16. DEFEAT 134 ogee\n\\ \\ ) ay Duration 14:31 04202020 1:88:33\n7 we y = eis 9745 4 2 25 Bluerose_magic =\nTy Wescese BW \u201cvesseo GY vo\n~\\ s zandal 47 3 7581 101145 4 7 Leadership Bt e <\n\u00a9\u201d Diraces\u201d @ BW \u201cseasarve, vo\nbalabalahard 4 8 2 7104 6781 1 4 10 Laperauss @ \\\nHy Bsse0es ) @ BROS << \u00a5w&\niy fe Avalanch 04 5 6211 9743 114 8 Drenvic ~~ \u2018\noe Brera\u201d @ BW\u201c veaaiv GE ve\n@ Nuas 5 115 8315 11242 13 2 13 GOYe\nHy BSiveaze\u201d @ e pence s@G-\nGinein 6617632040500 . ~ s \u2014\n\no\n\n\u00a9\n\n~\n\n16\\ DEFEAT 34\n\nDuration 14:31 04\/20\/2026 11:58:33\n\n9745 4 2 25\n\nBluerose_magic\n\nOB20008\n\n42\n\nBEOVEG:\n\nac)\n\n47 3 7581\n\n101145 47\n\nLeadership @\n\n\u201c\n\nwy\n\nEkrowe\n\nAEBSF\n\n15\n\na)\n\n\u00ae 8\n\nww\n\nbalabalahard\n\n4 8 2 7104\n\n6781 1 4 10\n\n2 \u00a9\n\nSHeOa\n\n\u00ae @\n\nBAO\n\nLaperauss St 14\n\n\u2018Avalanch\n\n0 4 5 8211\n\n9743 114 8\n\nDrenvic\n\nOR\n\nEA SERS\n\n\u00ae &\n\nEPETSS\n\ni)\n\n@ Nuas\n\n5 115 8315\n\nGoya\n\ni) \u00a9\n\nY EeEGQze\n\nVege?\n\n\u00bb\n\n= =e\n\nta\n\nA GF.\n\n1763204500073900\n\nGD Quick a\n\nth = Like All\n\ner ;","parser":"ocr_tesseract","suggested":{"match_date":"2026-04-20","team_a_name":"Team A","team_b_name":"Team B","winner":"team_a","duration":"14:31","notes":"OCR Score Hint: 31 - 04","players":[{"player_name":"balabalahard","kills":0,"deaths":0,"assists":0,"rating":null,"medal":null,"team":"team_a"},{"player_name":"wolay70","kills":0,"deaths":0,"assists":0,"rating":null,"medal":null,"team":"team_a"},{"player_name":"zandal","kills":0,"deaths":0,"assists":0,"rating":null,"medal":null,"team":"team_a"},{"player_name":"Avalanch","kills":0,"deaths":0,"assists":0,"rating":null,"medal":null,"team":"team_a"},{"player_name":"Bluerose_magic","kills":4,"deaths":2,"assists":25,"rating":11.4,"medal":"mvp_win","team":"team_b"},{"player_name":"Laperauss","kills":1,"deaths":4,"assists":10,"rating":7.1,"medal":"bronze","team":"team_b"},{"player_name":"Drenvic","kills":11,"deaths":4,"assists":8,"rating":10.3,"medal":"gold","team":"team_b"},{"player_name":"Duration","kills":0,"deaths":0,"assists":0,"rating":null,"medal":null,"team":"team_b"}]}}','parsed',1,'2026-04-20 15:45:18','2026-04-20 15:45:23');
INSERT INTO uploaded_screenshots VALUES(16,NULL,'https://res.cloudinary.com/dkjkd4jt9/image/upload/v1776699985/mlbb-stats/screenshots/qsdc0rst0mkk0fbct8hb.jpg',NULL,'pending',1,'2026-04-20 15:46:26','2026-04-20 15:46:26');
INSERT INTO uploaded_screenshots VALUES(17,NULL,'https://res.cloudinary.com/dkjkd4jt9/image/upload/v1776700039/mlbb-stats/screenshots/gqqi2ss1b7tltllaj89w.jpg',NULL,'pending',1,'2026-04-20 15:47:20','2026-04-20 15:47:20');
INSERT INTO uploaded_screenshots VALUES(18,NULL,'https://res.cloudinary.com/dkjkd4jt9/image/upload/v1776700190/mlbb-stats/screenshots/xhnowwdkttjulm9mnb0p.jpg','{"ocr_message":"OCR parsed successfully","ocr_text":"@\n\n46) DEFEAT 434. o@\n\\\\ Wey Duration 14:31 04\/20\/2026 11:58:33\n\n9745 4 2 25 \u2014 Bluerose_magic\n\nmS \u201cxecotes:\nMizaoee\u201d @ KR \u201caeaser : \u2019\nos Brre0er \u201d @ @ \"nao\" S vw\noe Breese\u201d @ BM veaaesvE ve\nwe Beeore \u201c @ # \u201cvencws\nCREE: Ee\n\nee\n\n\u00ae 16. DEFEAT 134 ogee\n\\ \\ ) ay Duration 14:31 04202020 1:88:33\n7 we y = eis 9745 4 2 25 Bluerose_magic =\nTy Wescese BW \u201cvesseo GY vo\n~\\ s zandal 47 3 7581 101145 4 7 Leadership Bt e <\n\u00a9\u201d Diraces\u201d @ BW \u201cseasarve, vo\nbalabalahard 4 8 2 7104 6781 1 4 10 Laperauss @ \\\nHy Bsse0es ) @ BROS << \u00a5w&\niy fe Avalanch 04 5 6211 9743 114 8 Drenvic ~~ \u2018\noe Brera\u201d @ BW\u201c veaaiv GE ve\n@ Nuas 5 115 8315 11242 13 2 13 GOYe\nHy BSiveaze\u201d @ e pence s@G-\nGinein 6617632040500 . ~ s \u2014\n\no\n\n\u00a9\n\n~\n\n16\\ DEFEAT 34\n\nDuration 14:31 04\/20\/2026 11:58:33\n\n9745 4 2 25\n\nBluerose_magic\n\nOB20008\n\n42\n\nBEOVEG:\n\nac)\n\n47 3 7581\n\n101145 47\n\nLeadership @\n\n\u201c\n\nwy\n\nEkrowe\n\nAEBSF\n\n15\n\na)\n\n\u00ae 8\n\nww\n\nbalabalahard\n\n4 8 2 7104\n\n6781 1 4 10\n\n2 \u00a9\n\nSHeOa\n\n\u00ae @\n\nBAO\n\nLaperauss St 14\n\n\u2018Avalanch\n\n0 4 5 8211\n\n9743 114 8\n\nDrenvic\n\nOR\n\nEA SERS\n\n\u00ae &\n\nEPETSS\n\ni)\n\n@ Nuas\n\n5 115 8315\n\nGoya\n\ni) \u00a9\n\nY EeEGQze\n\nVege?\n\n\u00bb\n\n= =e\n\nta\n\nA GF.\n\n1763204500073900\n\nGD Quick a\n\nth = Like All\n\ner ;","parser":"ocr_tesseract","suggested":{"match_date":"2026-04-20","team_a_name":"Team A","team_b_name":"Team B","winner":"team_a","duration":"14:31","notes":"OCR Score Hint: 31 - 04","players":[{"player_name":"balabalahard","kills":0,"deaths":0,"assists":0,"rating":null,"medal":null,"team":"team_a"},{"player_name":"wolay70","kills":0,"deaths":0,"assists":0,"rating":null,"medal":null,"team":"team_a"},{"player_name":"zandal","kills":0,"deaths":0,"assists":0,"rating":null,"medal":null,"team":"team_a"},{"player_name":"Avalanch","kills":0,"deaths":0,"assists":0,"rating":null,"medal":null,"team":"team_a"},{"player_name":"Bluerose_magic","kills":4,"deaths":2,"assists":25,"rating":11.4,"medal":"mvp_win","team":"team_b"},{"player_name":"Laperauss","kills":1,"deaths":4,"assists":10,"rating":7.1,"medal":"bronze","team":"team_b"},{"player_name":"Drenvic","kills":11,"deaths":4,"assists":8,"rating":10.3,"medal":"gold","team":"team_b"},{"player_name":"Duration","kills":0,"deaths":0,"assists":0,"rating":null,"medal":null,"team":"team_b"}]}}','parsed',1,'2026-04-20 15:49:50','2026-04-20 15:49:56');
INSERT INTO uploaded_screenshots VALUES(19,NULL,'https://res.cloudinary.com/dkjkd4jt9/image/upload/v1776700285/mlbb-stats/screenshots/gzmyncxptasqjlnpwv6z.jpg',NULL,'pending',1,'2026-04-20 15:51:26','2026-04-20 15:51:26');
INSERT INTO uploaded_screenshots VALUES(20,NULL,'https://res.cloudinary.com/dkjkd4jt9/image/upload/v1776700345/mlbb-stats/screenshots/i4k2iy4gvzvpkkflpfqj.jpg','{"ocr_message":"AI parsed screenshot successfully","ocr_text":"{\n  \"match_date\": \"2026-04-20\",\n  \"team_a_name\": \"Team A\",\n  \"team_b_name\": \"Team B\",\n  \"winner\": \"team_b\",\n  \"duration\": \"14:31\",\n  \"notes\": null,\n  \"players\": [\n    {\n      \"team\": \"team_a\",\n      \"player_name\": \"wolay70\",\n      \"hero_name\": \"Baxia\",\n      \"lane\": \"roam\",\n      \"kills\": 3,\n      \"deaths\": 4,\n      \"assists\": 0,\n      \"rating\": 4.2,\n      \"medal\": null\n    },\n    {\n      \"team\": \"team_a\",\n      \"player_name\": \"zandal\",\n      \"hero_name\": \"Valir\",\n      \"lane\": \"mid\",\n      \"kills\": 4,\n      \"deaths\": 7,\n      \"assists\": 3,\n      \"rating\": 4.9,\n      \"medal\": null\n    },\n    {\n      \"team\": \"team_a\",\n      \"player_name\": \"balabalabard\",\n      \"hero_name\": \"Eudora\",\n      \"lane\": \"mid\",\n      \"kills\": 4,\n      \"deaths\": 8,\n      \"assists\": 2,\n      \"rating\": 4.0,\n      \"medal\": null\n    },\n    {\n      \"team\": \"team_a\",\n      \"player_name\": \"Avalanch\",\n      \"hero_name\": \"Gord\",\n      \"lane\": \"exp\",\n      \"kills\": 0,\n      \"deaths\": 4,\n      \"assists\": 5,\n      \"rating\": 4.7,\n      \"medal\": null\n    },\n    {\n      \"team\": \"team_a\",\n      \"player_name\": \"Nuas\",\n      \"hero_name\": \"Clint\",\n      \"lane\": \"gold\",\n      \"kills\": 5,\n      \"deaths\": 11,\n      \"assists\": 5,\n      \"rating\": 5.6,\n      \"medal\": null\n    },\n    {\n      \"team\": \"team_b\",\n      \"player_name\": \"Bluerose_magic\",\n      \"hero_name\": \"Ling\",\n      \"lane\": \"jungle\",\n      \"kills\": 4,\n      \"deaths\": 2,\n      \"assists\": 25,\n      \"rating\": 12.0,\n      \"medal\": \"gold\"\n    },\n    {\n      \"team\": \"team_b\",\n      \"player_name\": \"Leadership\",\n      \"hero_name\": \"Zilong\",\n      \"lane\": \"exp\",\n      \"kills\": 5,\n      \"deaths\": 4,\n      \"assists\": 7,\n      \"rating\": 7.2,\n      \"medal\": null\n    },\n    {\n      \"team\": \"team_b\",\n      \"player_name\": \"Laperas\",\n      \"hero_name\": \"Karina\",\n      \"lane\": \"jungle\",\n      \"kills\": 1,\n      \"deaths\": 4,\n      \"assists\": 10,\n      \"rating\": 6.0,\n      \"medal\": null\n    },\n    {\n      \"team\": \"team_b\",\n      \"player_name\": \"Drenvic\",\n      \"hero_name\": \"Lunox\",\n      \"lane\": \"mid\",\n      \"kills\": 11,\n      \"deaths\": 4,\n      \"assists\": 8,\n      \"rating\": 9.3,\n      \"medal\": \"gold\"\n    },\n    {\n      \"team\": \"team_b\",\n      \"player_name\": \"G.O.Y\",\n      \"hero_name\": \"Angela\",\n      \"lane\": \"roam\",\n      \"kills\": 13,\n      \"deaths\": 2,\n      \"assists\": 13,\n      \"rating\": 12.7,\n      \"medal\": \"mvp_win\"\n    }\n  ]\n}","parser":"ai_openrouter","suggested":{"match_date":"2026-04-20","team_a_name":"Team A","team_b_name":"Team B","winner":"team_b","duration":"14:31","notes":null,"players":[{"team":"team_a","player_name":"wolay70","hero_name":"Baxia","lane":"roam","kills":3,"deaths":4,"assists":0,"rating":4.2,"medal":null},{"team":"team_a","player_name":"zandal","hero_name":"Valir","lane":"mid","kills":4,"deaths":7,"assists":3,"rating":4.9,"medal":null},{"team":"team_a","player_name":"balabalabard","hero_name":"Eudora","lane":"mid","kills":4,"deaths":8,"assists":2,"rating":4,"medal":null},{"team":"team_a","player_name":"Avalanch","hero_name":"Gord","lane":"exp","kills":0,"deaths":4,"assists":5,"rating":4.7,"medal":null},{"team":"team_a","player_name":"Nuas","hero_name":"Clint","lane":"gold","kills":5,"deaths":11,"assists":5,"rating":5.6,"medal":null},{"team":"team_b","player_name":"Bluerose_magic","hero_name":"Ling","lane":"jungle","kills":4,"deaths":2,"assists":25,"rating":12,"medal":"gold"},{"team":"team_b","player_name":"Leadership","hero_name":"Zilong","lane":"exp","kills":5,"deaths":4,"assists":7,"rating":7.2,"medal":null},{"team":"team_b","player_name":"Laperas","hero_name":"Karina","lane":"jungle","kills":1,"deaths":4,"assists":10,"rating":6,"medal":null},{"team":"team_b","player_name":"Drenvic","hero_name":"Lunox","lane":"mid","kills":11,"deaths":4,"assists":8,"rating":9.3,"medal":"gold"},{"team":"team_b","player_name":"G.O.Y","hero_name":"Angela","lane":"roam","kills":13,"deaths":2,"assists":13,"rating":12.7,"medal":"mvp_win"}]}}','parsed',1,'2026-04-20 15:52:26','2026-04-20 15:52:36');
INSERT INTO uploaded_screenshots VALUES(21,NULL,'https://res.cloudinary.com/dkjkd4jt9/image/upload/v1776700429/mlbb-stats/screenshots/deaqgjmbft6n42ixugfv.jpg','{"ocr_message":"AI parsed screenshot successfully","ocr_text":"{\n  \"match_date\": null,\n  \"team_a_name\": \"Team A\",\n  \"team_b_name\": \"Team B\",\n  \"winner\": \"team_b\",\n  \"duration\": \"13:02\",\n  \"notes\": null,\n  \"players\": [\n    {\n      \"team\": \"team_a\",\n      \"player_name\": \"DC G.O.Y\",\n      \"hero_name\": null,\n      \"lane\": null,\n      \"kills\": 3,\n      \"deaths\": 8,\n      \"assists\": 2,\n      \"rating\": 3.5,\n      \"medal\": \"bronze\"\n    },\n    {\n      \"team\": \"team_a\",\n      \"player_name\": \"Avalanch\",\n      \"hero_name\": null,\n      \"lane\": null,\n      \"kills\": 0,\n      \"deaths\": 8,\n      \"assists\": 8,\n      \"rating\": 4.4,\n      \"medal\": \"silver\"\n    },\n    {\n      \"team\": \"team_a\",\n      \"player_name\": \"zandal\",\n      \"hero_name\": null,\n      \"lane\": null,\n      \"kills\": 1,\n      \"deaths\": 4,\n      \"assists\": 4,\n      \"rating\": 4.3,\n      \"medal\": \"silver\"\n    },\n    {\n      \"team\": \"team_a\",\n      \"player_name\": \"balabalahard\",\n      \"hero_name\": null,\n      \"lane\": null,\n      \"kills\": 1,\n      \"deaths\": 10,\n      \"assists\": 0,\n      \"rating\": 3.0,\n      \"medal\": \"bronze\"\n    },\n    {\n      \"team\": \"team_a\",\n      \"player_name\": \"Leadership\",\n      \"hero_name\": null,\n      \"lane\": null,\n      \"kills\": 4,\n      \"deaths\": 8,\n      \"assists\": 3,\n      \"rating\": 4.2,\n      \"medal\": null\n    },\n    {\n      \"team\": \"team_b\",\n      \"player_name\": \"legok~\u03c6\u00a9\",\n      \"hero_name\": null,\n      \"lane\": null,\n      \"kills\": 8,\n      \"deaths\": 1,\n      \"assists\": 11,\n      \"rating\": 9.7,\n      \"medal\": \"gold\"\n    },\n    {\n      \"team\": \"team_b\",\n      \"player_name\": \"rtn1405\",\n      \"hero_name\": null,\n      \"lane\": null,\n      \"kills\": 8,\n      \"deaths\": 3,\n      \"assists\": 11,\n      \"rating\": 9.6,\n      \"medal\": \"gold\"\n    },\n    {\n      \"team\": \"team_b\",\n      \"player_name\": \"\uc544\uc7a0, ayya\u03b1\",\n      \"hero_name\": null,\n      \"lane\": null,\n      \"kills\": 7,\n      \"deaths\": 0,\n      \"assists\": 19,\n      \"rating\": 12.3,\n      \"medal\": \"mvp_win\"\n    },\n    {\n      \"team\": \"team_b\",\n      \"player_name\": \"\u00a2dk\",\n      \"hero_name\": null,\n      \"lane\": null,\n      \"kills\": 13,\n      \"deaths\": 1,\n      \"assists\": 6,\n      \"rating\": 11.0,\n      \"medal\": \"gold\"\n    },\n    {\n      \"team\": \"team_b\",\n      \"player_name\": \"*teing-saha*\",\n      \"hero_name\": null,\n      \"lane\": null,\n      \"kills\": 2,\n      \"deaths\": 4,\n      \"assists\": 23,\n      \"rating\": 10.0,\n      \"medal\": null\n    }\n  ]\n}","parser":"ai_openrouter","suggested":{"match_date":null,"team_a_name":"Team A","team_b_name":"Team B","winner":"team_b","duration":"13:02","notes":null,"players":[{"team":"team_a","player_name":"DC G.O.Y","hero_name":"Thamuz","lane":null,"kills":3,"deaths":8,"assists":2,"rating":3.5,"medal":"bronze"},{"team":"team_a","player_name":"Avalanch","hero_name":"Grock","lane":null,"kills":0,"deaths":8,"assists":8,"rating":4.4,"medal":"silver"},{"team":"team_a","player_name":"zandal","hero_name":"Aurora","lane":null,"kills":1,"deaths":4,"assists":4,"rating":4.3,"medal":"silver"},{"team":"team_a","player_name":"balabalahard","hero_name":"Uranus","lane":null,"kills":1,"deaths":10,"assists":0,"rating":3,"medal":"bronze"},{"team":"team_a","player_name":"Leadership","hero_name":"Lunox","lane":null,"kills":4,"deaths":8,"assists":3,"rating":4.2,"medal":null},{"team":"team_b","player_name":"legok~\u03c6\u00a9","hero_name":"Beatrix","lane":null,"kills":8,"deaths":1,"assists":11,"rating":9.7,"medal":"gold"},{"team":"team_b","player_name":"rtn1405","hero_name":"Khufra","lane":null,"kills":8,"deaths":3,"assists":11,"rating":9.6,"medal":"gold"},{"team":"team_b","player_name":"\uc544\uc7a0, ayya\u03b1","hero_name":"Xavier","lane":null,"kills":7,"deaths":0,"assists":19,"rating":12.3,"medal":"mvp_win"},{"team":"team_b","player_name":"\u00a2dk","hero_name":"Joy","lane":null,"kills":13,"deaths":1,"assists":6,"rating":11,"medal":"gold"},{"team":"team_b","player_name":"*teing-saha*","hero_name":"Zilong","lane":null,"kills":2,"deaths":4,"assists":23,"rating":10,"medal":null}]}}','parsed',1,'2026-04-20 15:53:50','2026-04-20 15:54:14');
INSERT INTO uploaded_screenshots VALUES(22,NULL,'https://res.cloudinary.com/dkjkd4jt9/image/upload/v1776700524/mlbb-stats/screenshots/zyrnxjigwfgzjmbwqvfv.jpg','{"ocr_message":"AI parsed screenshot successfully","ocr_text":"{\n  \"match_date\": \"2026-04-20\",\n  \"team_a_name\": \"Team A\",\n  \"team_b_name\": \"Team B\",\n  \"winner\": \"team_b\",\n  \"duration\": \"14:31\",\n  \"notes\": null,\n  \"players\": [\n    {\n      \"team\": \"team_a\",\n      \"player_name\": \"wolay70\",\n      \"hero_name\": null,\n      \"lane\": null,\n      \"kills\": 3,\n      \"deaths\": 4,\n      \"assists\": 0,\n      \"rating\": 4.2,\n      \"medal\": null\n    },\n    {\n      \"team\": \"team_a\",\n      \"player_name\": \"zandal\",\n      \"hero_name\": null,\n      \"lane\": null,\n      \"kills\": 4,\n      \"deaths\": 7,\n      \"assists\": 3,\n      \"rating\": 4.9,\n      \"medal\": null\n    },\n    {\n      \"team\": \"team_a\",\n      \"player_name\": \"balabalahard\",\n      \"hero_name\": null,\n      \"lane\": null,\n      \"kills\": 4,\n      \"deaths\": 8,\n      \"assists\": 2,\n      \"rating\": 4.0,\n      \"medal\": null\n    },\n    {\n      \"team\": \"team_a\",\n      \"player_name\": \"Avalanch\",\n      \"hero_name\": null,\n      \"lane\": null,\n      \"kills\": 0,\n      \"deaths\": 4,\n      \"assists\": 5,\n      \"rating\": 4.7,\n      \"medal\": null\n    },\n    {\n      \"team\": \"team_a\",\n      \"player_name\": \"Nuas\",\n      \"hero_name\": null,\n      \"lane\": null,\n      \"kills\": 5,\n      \"deaths\": 11,\n      \"assists\": 5,\n      \"rating\": 5.6,\n      \"medal\": null\n    },\n    {\n      \"team\": \"team_b\",\n      \"player_name\": \"Bluerose_magic\",\n      \"hero_name\": null,\n      \"lane\": null,\n      \"kills\": 4,\n      \"deaths\": 2,\n      \"assists\": 25,\n      \"rating\": 12.0,\n      \"medal\": null\n    },\n    {\n      \"team\": \"team_b\",\n      \"player_name\": \"Leadership\",\n      \"hero_name\": null,\n      \"lane\": null,\n      \"kills\": 5,\n      \"deaths\": 4,\n      \"assists\": 7,\n      \"rating\": 7.2,\n      \"medal\": null\n    },\n    {\n      \"team\": \"team_b\",\n      \"player_name\": \"Laperauss\",\n      \"hero_name\": null,\n      \"lane\": null,\n      \"kills\": 1,\n      \"deaths\": 4,\n      \"assists\": 10,\n      \"rating\": 5.3,\n      \"medal\": null\n    },\n    {\n      \"team\": \"team_b\",\n      \"player_name\": \"Drenvic\",\n      \"hero_name\": null,\n      \"lane\": null,\n      \"kills\": 11,\n      \"deaths\": 4,\n      \"assists\": 8,\n      \"rating\": 9.3,\n      \"medal\": null\n    },\n    {\n      \"team\": \"team_b\",\n      \"player_name\": \"G.O.Y\",\n      \"hero_name\": null,\n      \"lane\": null,\n      \"kills\": 13,\n      \"deaths\": 2,\n      \"assists\": 13,\n      \"rating\": 12.7,\n      \"medal\": \"mvp_win\"\n    }\n  ]\n}","parser":"ai_openrouter","suggested":{"match_date":"2026-04-20","team_a_name":"Team A","team_b_name":"Team B","winner":"team_b","duration":"14:31","notes":null,"players":[{"team":"team_a","player_name":"wolay70","hero_name":"Balmond","lane":null,"kills":3,"deaths":4,"assists":0,"rating":4.2,"medal":null},{"team":"team_a","player_name":"zandal","hero_name":"Lesley","lane":null,"kills":4,"deaths":7,"assists":3,"rating":4.9,"medal":null},{"team":"team_a","player_name":"balabalahard","hero_name":"Aurora","lane":null,"kills":4,"deaths":8,"assists":2,"rating":4,"medal":null},{"team":"team_a","player_name":"Avalanch","hero_name":"Clint","lane":null,"kills":0,"deaths":4,"assists":5,"rating":4.7,"medal":null},{"team":"team_a","player_name":"Nuas","hero_name":"Hilda","lane":null,"kills":5,"deaths":11,"assists":5,"rating":5.6,"medal":null},{"team":"team_b","player_name":"Bluerose_magic","hero_name":"Yi Shun Shin","lane":null,"kills":4,"deaths":2,"assists":25,"rating":12,"medal":null},{"team":"team_b","player_name":"Leadership","hero_name":"Aldous","lane":null,"kills":5,"deaths":4,"assists":7,"rating":7.2,"medal":null},{"team":"team_b","player_name":"Laperauss","hero_name":"Lancelot","lane":null,"kills":1,"deaths":4,"assists":10,"rating":5.3,"medal":null},{"team":"team_b","player_name":"Drenvic","hero_name":"Julian","lane":null,"kills":11,"deaths":4,"assists":8,"rating":9.3,"medal":null},{"team":"team_b","player_name":"G.O.Y","hero_name":"Angela","lane":null,"kills":13,"deaths":2,"assists":13,"rating":12.7,"medal":"mvp_win"}]}}','parsed',1,'2026-04-20 15:55:25','2026-04-20 15:55:46');
INSERT INTO uploaded_screenshots VALUES(23,NULL,'https://res.cloudinary.com/dkjkd4jt9/image/upload/v1776700855/mlbb-stats/screenshots/h32ps7e4l0or9tpeuhaf.jpg','{"ocr_message":"AI parsed screenshot successfully","ocr_text":"{\n  \"match_date\": \"2026-04-20\",\n  \"team_a_name\": \"Team A\",\n  \"team_b_name\": \"Team B\",\n  \"winner\": \"team_b\",\n  \"duration\": \"14:31\",\n  \"notes\": null,\n  \"players\": [\n    {\n      \"team\": \"team_a\",\n      \"player_name\": \"wolay70\",\n      \"hero_name\": null,\n      \"lane\": null,\n      \"kills\": 3,\n      \"deaths\": 4,\n      \"assists\": 0,\n      \"rating\": 4.2,\n      \"medal\": null\n    },\n    {\n      \"team\": \"team_a\",\n      \"player_name\": \"zandal\",\n      \"hero_name\": null,\n      \"lane\": null,\n      \"kills\": 4,\n      \"deaths\": 7,\n      \"assists\": 3,\n      \"rating\": 4.9,\n      \"medal\": null\n    },\n    {\n      \"team\": \"team_a\",\n      \"player_name\": \"balabalahard\",\n      \"hero_name\": null,\n      \"lane\": null,\n      \"kills\": 4,\n      \"deaths\": 8,\n      \"assists\": 2,\n      \"rating\": 4.0,\n      \"medal\": null\n    },\n    {\n      \"team\": \"team_a\",\n      \"player_name\": \"Avalanch\",\n      \"hero_name\": null,\n      \"lane\": null,\n      \"kills\": 0,\n      \"deaths\": 4,\n      \"assists\": 5,\n      \"rating\": 4.7,\n      \"medal\": null\n    },\n    {\n      \"team\": \"team_a\",\n      \"player_name\": \"Nuas\",\n      \"hero_name\": null,\n      \"lane\": null,\n      \"kills\": 5,\n      \"deaths\": 11,\n      \"assists\": 5,\n      \"rating\": 5.6,\n      \"medal\": null\n    },\n    {\n      \"team\": \"team_b\",\n      \"player_name\": \"Bluerose_magic\",\n      \"hero_name\": null,\n      \"lane\": null,\n      \"kills\": 4,\n      \"deaths\": 2,\n      \"assists\": 25,\n      \"rating\": 12.0,\n      \"medal\": null\n    },\n    {\n      \"team\": \"team_b\",\n      \"player_name\": \"Leadership\",\n      \"hero_name\": null,\n      \"lane\": null,\n      \"kills\": 5,\n      \"deaths\": 4,\n      \"assists\": 7,\n      \"rating\": 7.2,\n      \"medal\": null\n    },\n    {\n      \"team\": \"team_b\",\n      \"player_name\": \"Laperas\",\n      \"hero_name\": null,\n      \"lane\": null,\n      \"kills\": 1,\n      \"deaths\": 10,\n      \"assists\": 4,\n      \"rating\": 3.0,\n      \"medal\": null\n    },\n    {\n      \"team\": \"team_b\",\n      \"player_name\": \"Drenvic\",\n      \"hero_name\": null,\n      \"lane\": null,\n      \"kills\": 11,\n      \"deaths\": 4,\n      \"assists\": 8,\n      \"rating\": 9.3,\n      \"medal\": null\n    },\n    {\n      \"team\": \"team_b\",\n      \"player_name\": \"G.O.Y\",\n      \"hero_name\": null,\n      \"lane\": null,\n      \"kills\": 13,\n      \"deaths\": 2,\n      \"assists\": 13,\n      \"rating\": 12.7,\n      \"medal\": \"mvp_win\"\n    }\n  ]\n}","parser":"ai_openrouter","suggested":{"match_date":"2026-04-20","team_a_name":"Team A","team_b_name":"Team B","winner":"team_b","duration":"14:31","notes":null,"players":[{"team":"team_a","player_name":"wolay70","hero_name":null,"lane":null,"kills":3,"deaths":4,"assists":0,"rating":4.2,"medal":null},{"team":"team_a","player_name":"zandal","hero_name":null,"lane":null,"kills":4,"deaths":7,"assists":3,"rating":4.9,"medal":null},{"team":"team_a","player_name":"balabalahard","hero_name":null,"lane":null,"kills":4,"deaths":8,"assists":2,"rating":4,"medal":null},{"team":"team_a","player_name":"Avalanch","hero_name":null,"lane":null,"kills":0,"deaths":4,"assists":5,"rating":4.7,"medal":null},{"team":"team_a","player_name":"Nuas","hero_name":null,"lane":null,"kills":5,"deaths":11,"assists":5,"rating":5.6,"medal":null},{"team":"team_b","player_name":"Bluerose_magic","hero_name":null,"lane":null,"kills":4,"deaths":2,"assists":25,"rating":12,"medal":null},{"team":"team_b","player_name":"Leadership","hero_name":null,"lane":null,"kills":5,"deaths":4,"assists":7,"rating":7.2,"medal":null},{"team":"team_b","player_name":"Laperas","hero_name":null,"lane":null,"kills":1,"deaths":10,"assists":4,"rating":3,"medal":null},{"team":"team_b","player_name":"Drenvic","hero_name":null,"lane":null,"kills":11,"deaths":4,"assists":8,"rating":9.3,"medal":null},{"team":"team_b","player_name":"G.O.Y","hero_name":null,"lane":null,"kills":13,"deaths":2,"assists":13,"rating":12.7,"medal":"mvp_win"}]}}','parsed',1,'2026-04-20 16:00:55','2026-04-20 16:01:12');
INSERT INTO uploaded_screenshots VALUES(24,NULL,'https://res.cloudinary.com/dkjkd4jt9/image/upload/v1776700960/mlbb-stats/screenshots/qg2qe6wmbvq7ei51x4fp.jpg','{"ocr_message":"AI parsed screenshot successfully","ocr_text":"{\n  \"match_date\": \"2026-04-20\",\n  \"team_a_name\": \"Team A\",\n  \"team_b_name\": \"Team B\",\n  \"winner\": \"team_b\",\n  \"duration\": \"14:31\",\n  \"notes\": null,\n  \"players\": [\n    {\n      \"team\": \"team_a\",\n      \"player_name\": \"wolay70\",\n      \"hero_name\": null,\n      \"lane\": null,\n      \"kills\": 3,\n      \"deaths\": 4,\n      \"assists\": 0,\n      \"rating\": 4.2,\n      \"medal\": null\n    },\n    {\n      \"team\": \"team_a\",\n      \"player_name\": \"zandal\",\n      \"hero_name\": null,\n      \"lane\": null,\n      \"kills\": 4,\n      \"deaths\": 7,\n      \"assists\": 3,\n      \"rating\": 4.9,\n      \"medal\": null\n    },\n    {\n      \"team\": \"team_a\",\n      \"player_name\": \"balabalahard\",\n      \"hero_name\": null,\n      \"lane\": null,\n      \"kills\": 4,\n      \"deaths\": 8,\n      \"assists\": 2,\n      \"rating\": 4.0,\n      \"medal\": null\n    },\n    {\n      \"team\": \"team_a\",\n      \"player_name\": \"Avalanch\",\n      \"hero_name\": null,\n      \"lane\": null,\n      \"kills\": 0,\n      \"deaths\": 4,\n      \"assists\": 5,\n      \"rating\": 4.7,\n      \"medal\": null\n    },\n    {\n      \"team\": \"team_a\",\n      \"player_name\": \"Nuas\",\n      \"hero_name\": null,\n      \"lane\": null,\n      \"kills\": 5,\n      \"deaths\": 11,\n      \"assists\": 5,\n      \"rating\": 5.6,\n      \"medal\": null\n    },\n    {\n      \"team\": \"team_b\",\n      \"player_name\": \"Bluerose_magic\",\n      \"hero_name\": null,\n      \"lane\": null,\n      \"kills\": 4,\n      \"deaths\": 2,\n      \"assists\": 25,\n      \"rating\": 12.0,\n      \"medal\": null\n    },\n    {\n      \"team\": \"team_b\",\n      \"player_name\": \"Leadership\",\n      \"hero_name\": null,\n      \"lane\": null,\n      \"kills\": 5,\n      \"deaths\": 4,\n      \"assists\": 7,\n      \"rating\": 7.2,\n      \"medal\": null\n    },\n    {\n      \"team\": \"team_b\",\n      \"player_name\": \"Laperauss\",\n      \"hero_name\": null,\n      \"lane\": null,\n      \"kills\": 1,\n      \"deaths\": 4,\n      \"assists\": 10,\n      \"rating\": 5.3,\n      \"medal\": null\n    },\n    {\n      \"team\": \"team_b\",\n      \"player_name\": \"Drenvic\",\n      \"hero_name\": null,\n      \"lane\": null,\n      \"kills\": 11,\n      \"deaths\": 4,\n      \"assists\": 8,\n      \"rating\": 9.3,\n      \"medal\": null\n    },\n    {\n      \"team\": \"team_b\",\n      \"player_name\": \"G.O.Y\",\n      \"hero_name\": null,\n      \"lane\": null,\n      \"kills\": 13,\n      \"deaths\": 2,\n      \"assists\": 13,\n      \"rating\": 12.7,\n      \"medal\": \"mvp_win\"\n    }\n  ]\n}","parser":"ai_openrouter","suggested":{"match_date":"2026-04-20","team_a_name":"Team A","team_b_name":"Team B","winner":"team_b","duration":"14:31","notes":null,"players":[{"team":"team_a","player_name":"wolay70","hero_name":"Balmond","lane":null,"kills":3,"deaths":4,"assists":0,"rating":4.2,"medal":null},{"team":"team_a","player_name":"zandal","hero_name":"Lesley","lane":null,"kills":4,"deaths":7,"assists":3,"rating":4.9,"medal":null},{"team":"team_a","player_name":"balabalahard","hero_name":"Aurora","lane":null,"kills":4,"deaths":8,"assists":2,"rating":4,"medal":null},{"team":"team_a","player_name":"Avalanch","hero_name":"Clint","lane":null,"kills":0,"deaths":4,"assists":5,"rating":4.7,"medal":null},{"team":"team_a","player_name":"Nuas","hero_name":"Hilda","lane":null,"kills":5,"deaths":11,"assists":5,"rating":5.6,"medal":null},{"team":"team_b","player_name":"Bluerose_magic","hero_name":"Ling","lane":null,"kills":4,"deaths":2,"assists":25,"rating":12,"medal":null},{"team":"team_b","player_name":"Leadership","hero_name":"Aldous","lane":null,"kills":5,"deaths":4,"assists":7,"rating":7.2,"medal":null},{"team":"team_b","player_name":"Laperauss","hero_name":"Lunox","lane":null,"kills":1,"deaths":4,"assists":10,"rating":5.3,"medal":null},{"team":"team_b","player_name":"Drenvic","hero_name":"Julian","lane":null,"kills":11,"deaths":4,"assists":8,"rating":9.3,"medal":null},{"team":"team_b","player_name":"G.O.Y","hero_name":"Kimmy","lane":null,"kills":13,"deaths":2,"assists":13,"rating":12.7,"medal":"mvp_win"}]}}','parsed',1,'2026-04-20 16:02:40','2026-04-20 16:03:00');
INSERT INTO uploaded_screenshots VALUES(25,NULL,'https://res.cloudinary.com/dkjkd4jt9/image/upload/v1776703089/mlbb-stats/screenshots/usgzx0zfsxz2icklp2vb.jpg','{"ocr_message":"AI parsed screenshot successfully","ocr_text":"{\n  \"match_date\": \"2026-04-20\",\n  \"team_a_name\": \"Team A\",\n  \"team_b_name\": \"Team B\",\n  \"winner\": \"team_b\",\n  \"duration\": \"14:31\",\n  \"notes\": null,\n  \"players\": [\n    {\n      \"team\": \"team_a\",\n      \"player_name\": \"wolay70\",\n      \"hero_name\": null,\n      \"lane\": null,\n      \"kills\": 3,\n      \"deaths\": 4,\n      \"assists\": 0,\n      \"rating\": 4.2,\n      \"medal\": null\n    },\n    {\n      \"team\": \"team_a\",\n      \"player_name\": \"zandal\",\n      \"hero_name\": null,\n      \"lane\": null,\n      \"kills\": 4,\n      \"deaths\": 7,\n      \"assists\": 3,\n      \"rating\": 4.9,\n      \"medal\": null\n    },\n    {\n      \"team\": \"team_a\",\n      \"player_name\": \"balabalahard\",\n      \"hero_name\": null,\n      \"lane\": null,\n      \"kills\": 4,\n      \"deaths\": 8,\n      \"assists\": 2,\n      \"rating\": 4.0,\n      \"medal\": null\n    },\n    {\n      \"team\": \"team_a\",\n      \"player_name\": \"Avalanch\",\n      \"hero_name\": null,\n      \"lane\": null,\n      \"kills\": 0,\n      \"deaths\": 4,\n      \"assists\": 5,\n      \"rating\": 4.7,\n      \"medal\": null\n    },\n    {\n      \"team\": \"team_a\",\n      \"player_name\": \"Nuas\",\n      \"hero_name\": null,\n      \"lane\": null,\n      \"kills\": 5,\n      \"deaths\": 11,\n      \"assists\": 5,\n      \"rating\": 5.6,\n      \"medal\": null\n    },\n    {\n      \"team\": \"team_b\",\n      \"player_name\": \"Bluerose_magic\",\n      \"hero_name\": null,\n      \"lane\": null,\n      \"kills\": 4,\n      \"deaths\": 2,\n      \"assists\": 25,\n      \"rating\": 12.0,\n      \"medal\": null\n    },\n    {\n      \"team\": \"team_b\",\n      \"player_name\": \"Leadership\",\n      \"hero_name\": null,\n      \"lane\": null,\n      \"kills\": 5,\n      \"deaths\": 4,\n      \"assists\": 7,\n      \"rating\": 7.2,\n      \"medal\": null\n    },\n    {\n      \"team\": \"team_b\",\n      \"player_name\": \"Laperauss\",\n      \"hero_name\": null,\n      \"lane\": null,\n      \"kills\": 1,\n      \"deaths\": 4,\n      \"assists\": 10,\n      \"rating\": 5.3,\n      \"medal\": null\n    },\n    {\n      \"team\": \"team_b\",\n      \"player_name\": \"Drenvic\",\n      \"hero_name\": null,\n      \"lane\": null,\n      \"kills\": 11,\n      \"deaths\": 4,\n      \"assists\": 8,\n      \"rating\": 9.3,\n      \"medal\": null\n    },\n    {\n      \"team\": \"team_b\",\n      \"player_name\": \"G.O.Y\",\n      \"hero_name\": null,\n      \"lane\": null,\n      \"kills\": 13,\n      \"deaths\": 2,\n      \"assists\": 13,\n      \"rating\": 12.7,\n      \"medal\": \"mvp_win\"\n    }\n  ]\n}","parser":"ai_openrouter","suggested":{"match_date":"2026-04-20","team_a_name":"Team A","team_b_name":"Team B","winner":"team_b","duration":"14:31","notes":null,"players":[{"team":"team_a","player_name":"wolay70","hero_name":"Grock","lane":null,"kills":3,"deaths":4,"assists":0,"rating":4.2,"medal":null},{"team":"team_a","player_name":"zandal","hero_name":"Valentina","lane":null,"kills":4,"deaths":7,"assists":3,"rating":4.9,"medal":null},{"team":"team_a","player_name":"balabalahard","hero_name":"Aurora","lane":null,"kills":4,"deaths":8,"assists":2,"rating":4,"medal":null},{"team":"team_a","player_name":"Avalanch","hero_name":"Lesley","lane":null,"kills":0,"deaths":4,"assists":5,"rating":4.7,"medal":null},{"team":"team_a","player_name":"Nuas","hero_name":"Baxia","lane":null,"kills":5,"deaths":11,"assists":5,"rating":5.6,"medal":null},{"team":"team_b","player_name":"Bluerose_magic","hero_name":"Yi Shun Shin","lane":null,"kills":4,"deaths":2,"assists":25,"rating":12,"medal":null},{"team":"team_b","player_name":"Leadership","hero_name":"Beatrix","lane":null,"kills":5,"deaths":4,"assists":7,"rating":7.2,"medal":null},{"team":"team_b","player_name":"Laperauss","hero_name":"Valentina","lane":null,"kills":1,"deaths":4,"assists":10,"rating":5.3,"medal":null},{"team":"team_b","player_name":"Drenvic","hero_name":"Aamon","lane":null,"kills":11,"deaths":4,"assists":8,"rating":9.3,"medal":null},{"team":"team_b","player_name":"G.O.Y","hero_name":"Baxia","lane":null,"kills":13,"deaths":2,"assists":13,"rating":12.7,"medal":"mvp_win"}]}}','parsed',1,'2026-04-20 16:38:10','2026-04-20 16:38:31');
CREATE TABLE IF NOT EXISTS "personal_access_tokens" ("id" integer primary key autoincrement not null, "tokenable_type" varchar not null, "tokenable_id" integer not null, "name" text not null, "token" varchar not null, "abilities" text, "last_used_at" datetime, "expires_at" datetime, "created_at" datetime, "updated_at" datetime);
INSERT INTO personal_access_tokens VALUES(1,'App\Models\User',1,'admin-token','c66a57818f5a1f23155fb528ee2d68a1337eaa79d57959da4ac50d1f85feb22d','["*"]',NULL,NULL,'2026-04-16 15:20:27','2026-04-16 15:20:27');
INSERT INTO personal_access_tokens VALUES(2,'App\Models\User',1,'admin-token','740e7baf8a85178eb89241256520611dfdb29ec6d48e28c8afb475ad99559d4e','["*"]','2026-04-16 17:37:06',NULL,'2026-04-16 16:10:07','2026-04-16 17:37:06');
INSERT INTO personal_access_tokens VALUES(3,'App\Models\User',1,'admin-token','f28025e79cc03ea97551c5fb6f7c46d9305312b6a6b248fad928b5c62b0882a9','["*"]','2026-04-20 05:47:31',NULL,'2026-04-20 05:44:38','2026-04-20 05:47:31');
INSERT INTO personal_access_tokens VALUES(5,'App\Models\User',1,'admin-token','db35be20d0e29b5f143ce15d878bf017ce0c92d8f91b050027f4d79e9d1fcd70','["*"]','2026-04-20 05:50:25',NULL,'2026-04-20 05:49:42','2026-04-20 05:50:25');
INSERT INTO personal_access_tokens VALUES(6,'App\Models\User',1,'admin-token','77e12204e9068ce086a9285f1778c2b762c022053ccffaffe0f407a2d7c5cfa7','["*"]',NULL,NULL,'2026-04-20 05:51:12','2026-04-20 05:51:12');
INSERT INTO personal_access_tokens VALUES(7,'App\Models\User',1,'admin-token','fcc00ab849fee29dcfa2f48f159b6f3e37393a1bd0ef13fe0d71a980b4afa43d','["*"]',NULL,NULL,'2026-04-20 06:55:02','2026-04-20 06:55:02');
INSERT INTO personal_access_tokens VALUES(8,'App\Models\User',1,'admin-token','f7a75183848c376dee5265a08fd31fe1b9383c2d7e56a1e87e77ac84982b6104','["*"]','2026-04-20 07:08:01',NULL,'2026-04-20 07:07:43','2026-04-20 07:08:01');
INSERT INTO personal_access_tokens VALUES(9,'App\Models\User',1,'admin-token','477bbdd958ad0476ae1cf6b6112ac12589e17ae4b506345f5f208b0c8b80ba9a','["*"]','2026-04-20 07:09:30',NULL,'2026-04-20 07:09:30','2026-04-20 07:09:30');
INSERT INTO personal_access_tokens VALUES(10,'App\Models\User',1,'admin-token','f03ad42e22407d8fcb48c85d567088af55bfa5f140c7e0d274935041cb585b20','["*"]','2026-04-20 07:10:33',NULL,'2026-04-20 07:10:33','2026-04-20 07:10:33');
INSERT INTO personal_access_tokens VALUES(11,'App\Models\User',1,'admin-token','d8b22de6a6095b8c510b4f6e3a48ad7f619bab3b2b2ccbd45d80e5619df4104c','["*"]','2026-04-20 16:05:19',NULL,'2026-04-20 15:30:02','2026-04-20 16:05:19');
INSERT INTO personal_access_tokens VALUES(12,'App\Models\User',1,'admin-token','80fc4b0a03268682e33d7f929e7f9884dfe16505628cc7df5a76f696d18bbc90','["*"]','2026-04-20 15:36:54',NULL,'2026-04-20 15:36:54','2026-04-20 15:36:54');
INSERT INTO personal_access_tokens VALUES(13,'App\Models\User',1,'admin-token','6256ccab5268f3e66a9e1cabe7360b6f009027eeefcd36d1e0b8cb04f4a801d9','["*"]','2026-04-20 15:39:48',NULL,'2026-04-20 15:39:48','2026-04-20 15:39:48');
INSERT INTO personal_access_tokens VALUES(14,'App\Models\User',1,'admin-token','2ead0bff6ffdd630dfbec18c936104b5b7efd6d04bce11696d3b137472afa09c','["*"]','2026-04-20 15:43:46',NULL,'2026-04-20 15:43:46','2026-04-20 15:43:46');
INSERT INTO personal_access_tokens VALUES(15,'App\Models\User',1,'admin-token','72f313b34c71824ba3ff02b95aacecd8e613ae56f71beb94fba849022713af08','["*"]','2026-04-20 15:45:13',NULL,'2026-04-20 15:45:13','2026-04-20 15:45:13');
INSERT INTO personal_access_tokens VALUES(16,'App\Models\User',1,'admin-token','2f186020372ebdfdb802a4962f0d98bbb0b3273e9507178a8597656524ae2371','["*"]','2026-04-20 15:46:21',NULL,'2026-04-20 15:46:21','2026-04-20 15:46:21');
INSERT INTO personal_access_tokens VALUES(17,'App\Models\User',1,'admin-token','e60486ad422fe5a2490760a075a4c3f0695ba9104abc3ca2262440a419af0aa5','["*"]','2026-04-20 15:47:15',NULL,'2026-04-20 15:47:15','2026-04-20 15:47:15');
INSERT INTO personal_access_tokens VALUES(18,'App\Models\User',1,'admin-token','f48bd02cd8916033ae9f0390efef33426bc9f809adeefb04d4cc826e97368986','["*"]','2026-04-20 15:49:45',NULL,'2026-04-20 15:49:45','2026-04-20 15:49:45');
INSERT INTO personal_access_tokens VALUES(19,'App\Models\User',1,'admin-token','58658206bfbf4bf03633ca305aa172ecf7396f4ce7c84119433997a4eca9a40d','["*"]','2026-04-20 15:51:21',NULL,'2026-04-20 15:51:21','2026-04-20 15:51:21');
INSERT INTO personal_access_tokens VALUES(20,'App\Models\User',1,'admin-token','55eb4b0855bf6427b3f5c4b825f7be0ffad2e25a133ec289f82c41902e46ef70','["*"]','2026-04-20 15:52:21',NULL,'2026-04-20 15:52:21','2026-04-20 15:52:21');
INSERT INTO personal_access_tokens VALUES(21,'App\Models\User',1,'admin-token','37a31e0783f2aa7ce66e331660f82c957fa62ebe92e0a62cce657bd9fc4102c9','["*"]','2026-04-20 16:00:51',NULL,'2026-04-20 16:00:51','2026-04-20 16:00:51');
INSERT INTO personal_access_tokens VALUES(22,'App\Models\User',1,'admin-token','43d82e660bb300faecece8c167d50e8e1e0b618acfa92ebde658d069c0683416','["*"]','2026-04-20 16:40:31',NULL,'2026-04-20 16:37:52','2026-04-20 16:40:31');
INSERT INTO personal_access_tokens VALUES(23,'App\Models\User',1,'admin-token','68b35f9c87eac959c832c8da3b6b6cd5c729176990b2c33a610c8657ca0f9d96','["*"]','2026-04-21 02:34:45',NULL,'2026-04-21 02:32:39','2026-04-21 02:34:45');
DELETE FROM sqlite_sequence;
INSERT INTO sqlite_sequence VALUES('migrations',12);
INSERT INTO sqlite_sequence VALUES('roles',5);
INSERT INTO sqlite_sequence VALUES('heroes',127);
INSERT INTO sqlite_sequence VALUES('users',1);
INSERT INTO sqlite_sequence VALUES('players',10);
INSERT INTO sqlite_sequence VALUES('game_matches',25);
INSERT INTO sqlite_sequence VALUES('match_players',300);
INSERT INTO sqlite_sequence VALUES('personal_access_tokens',23);
INSERT INTO sqlite_sequence VALUES('uploaded_screenshots',25);
CREATE UNIQUE INDEX "users_email_unique" on "users" ("email");
CREATE INDEX "sessions_user_id_index" on "sessions" ("user_id");
CREATE INDEX "sessions_last_activity_index" on "sessions" ("last_activity");
CREATE INDEX "cache_expiration_index" on "cache" ("expiration");
CREATE INDEX "cache_locks_expiration_index" on "cache_locks" ("expiration");
CREATE INDEX "jobs_queue_index" on "jobs" ("queue");
CREATE UNIQUE INDEX "failed_jobs_uuid_unique" on "failed_jobs" ("uuid");
CREATE UNIQUE INDEX "roles_name_unique" on "roles" ("name");
CREATE UNIQUE INDEX "heroes_name_unique" on "heroes" ("name");
CREATE UNIQUE INDEX "players_username_unique" on "players" ("username");
CREATE INDEX "personal_access_tokens_tokenable_type_tokenable_id_index" on "personal_access_tokens" ("tokenable_type", "tokenable_id");
CREATE UNIQUE INDEX "personal_access_tokens_token_unique" on "personal_access_tokens" ("token");
CREATE INDEX "personal_access_tokens_expires_at_index" on "personal_access_tokens" ("expires_at");
COMMIT;
